CREATE DATABASE  IF NOT EXISTS `integrado` /*!40100 DEFAULT CHARACTER SET utf8mb4 COLLATE utf8mb4_0900_ai_ci */ /*!80016 DEFAULT ENCRYPTION='N' */;
USE `integrado`;
-- MySQL dump 10.13  Distrib 8.0.31, for Win64 (x86_64)
--
-- Host: 127.0.0.1    Database: integrado
-- ------------------------------------------------------
-- Server version	8.0.31

/*!40101 SET @OLD_CHARACTER_SET_CLIENT=@@CHARACTER_SET_CLIENT */;
/*!40101 SET @OLD_CHARACTER_SET_RESULTS=@@CHARACTER_SET_RESULTS */;
/*!40101 SET @OLD_COLLATION_CONNECTION=@@COLLATION_CONNECTION */;
/*!50503 SET NAMES utf8 */;
/*!40103 SET @OLD_TIME_ZONE=@@TIME_ZONE */;
/*!40103 SET TIME_ZONE='+00:00' */;
/*!40014 SET @OLD_UNIQUE_CHECKS=@@UNIQUE_CHECKS, UNIQUE_CHECKS=0 */;
/*!40014 SET @OLD_FOREIGN_KEY_CHECKS=@@FOREIGN_KEY_CHECKS, FOREIGN_KEY_CHECKS=0 */;
/*!40101 SET @OLD_SQL_MODE=@@SQL_MODE, SQL_MODE='NO_AUTO_VALUE_ON_ZERO' */;
/*!40111 SET @OLD_SQL_NOTES=@@SQL_NOTES, SQL_NOTES=0 */;

--
-- Table structure for table `ator`
--

DROP TABLE IF EXISTS `ator`;
/*!40101 SET @saved_cs_client     = @@character_set_client */;
/*!50503 SET character_set_client = utf8mb4 */;
CREATE TABLE `ator` (
  `idAtor` int NOT NULL AUTO_INCREMENT,
  `nomeAtor` varchar(50) NOT NULL,
  PRIMARY KEY (`idAtor`)
) ENGINE=InnoDB AUTO_INCREMENT=456 DEFAULT CHARSET=utf8mb4 COLLATE=utf8mb4_0900_ai_ci;
/*!40101 SET character_set_client = @saved_cs_client */;

--
-- Dumping data for table `ator`
--

LOCK TABLES `ator` WRITE;
/*!40000 ALTER TABLE `ator` DISABLE KEYS */;
INSERT INTO `ator` VALUES (1,'\"PENELOPE GUINESS\"'),(2,'\"NICK WAHLBERG\"'),(3,'\"ED CHASE\"'),(4,'\"JENNIFER DAVIS\"'),(5,'\"JOHNNY LOLLOBRIGIDA\"'),(6,'\"BETTE NICHOLSON\"'),(7,'\"GRACE MOSTEL\"'),(8,'\"MATTHEW JOHANSSON\"'),(9,'\"JOE SWANK\"'),(10,'\"CHRISTIAN GABLE\"'),(11,'\"ZERO CAGE\"'),(12,'\"KARL BERRY\"'),(13,'\"UMA WOOD\"'),(14,'\"VIVIEN BERGEN\"'),(15,'\"CUBA OLIVIER\"'),(16,'\"FRED COSTNER\"'),(17,'\"HELEN VOIGHT\"'),(18,'\"DAN TORN\"'),(19,'\"BOB FAWCETT\"'),(20,'\"LUCILLE TRACY\"'),(21,'\"KIRSTEN PALTROW\"'),(22,'\"ELVIS MARX\"'),(23,'\"SANDRA KILMER\"'),(24,'\"CAMERON STREEP\"'),(25,'\"KEVIN BLOOM\"'),(26,'\"RIP CRAWFORD\"'),(27,'\"JULIA MCQUEEN\"'),(28,'\"WOODY HOFFMAN\"'),(29,'\"ALEC WAYNE\"'),(30,'\"SANDRA PECK\"'),(31,'\"SISSY SOBIESKI\"'),(32,'\"TIM HACKMAN\"'),(33,'\"MILLA PECK\"'),(34,'\"AUDREY OLIVIER\"'),(35,'\"JUDY DEAN\"'),(36,'\"BURT DUKAKIS\"'),(37,'\"VAL BOLGER\"'),(38,'\"TOM MCKELLEN\"'),(39,'\"GOLDIE BRODY\"'),(40,'\"JOHNNY CAGE\"'),(41,'\"JODIE DEGENERES\"'),(42,'\"TOM MIRANDA\"'),(43,'\"KIRK JOVOVICH\"'),(44,'\"NICK STALLONE\"'),(45,'\"REESE KILMER\"'),(46,'\"PARKER GOLDBERG\"'),(47,'\"JULIA BARRYMORE\"'),(48,'\"FRANCES DAY-LEWIS\"'),(49,'\"ANNE CRONYN\"'),(50,'\"NATALIE HOPKINS\"'),(51,'\"GARY PHOENIX\"'),(52,'\"CARMEN HUNT\"'),(53,'\"MENA TEMPLE\"'),(54,'\"PENELOPE PINKETT\"'),(55,'\"FAY KILMER\"'),(56,'\"DAN HARRIS\"'),(57,'\"JUDE CRUISE\"'),(58,'\"CHRISTIAN AKROYD\"'),(59,'\"DUSTIN TAUTOU\"'),(60,'\"HENRY BERRY\"'),(61,'\"CHRISTIAN NEESON\"'),(62,'\"JAYNE NEESON\"'),(63,'\"CAMERON WRAY\"'),(64,'\"RAY JOHANSSON\"'),(65,'\"ANGELA HUDSON\"'),(66,'\"MARY TANDY\"'),(67,'\"JESSICA BAILEY\"'),(68,'\"RIP WINSLET\"'),(69,'\"KENNETH PALTROW\"'),(70,'\"MICHELLE MCCONAUGHEY\"'),(71,'\"ADAM GRANT\"'),(72,'\"SEAN WILLIAMS\"'),(73,'\"GARY PENN\"'),(74,'\"MILLA KEITEL\"'),(75,'\"BURT POSEY\"'),(76,'\"ANGELINA ASTAIRE\"'),(77,'\"CARY MCCONAUGHEY\"'),(78,'\"GROUCHO SINATRA\"'),(79,'\"MAE HOFFMAN\"'),(80,'\"RALPH CRUZ\"'),(81,'\"SCARLETT DAMON\"'),(82,'\"WOODY JOLIE\"'),(83,'\"BEN WILLIS\"'),(84,'\"JAMES PITT\"'),(85,'\"MINNIE ZELLWEGER\"'),(86,'\"GREG CHAPLIN\"'),(87,'\"SPENCER PECK\"'),(88,'\"KENNETH PESCI\"'),(89,'\"CHARLIZE DENCH\"'),(90,'\"SEAN GUINESS\"'),(91,'\"CHRISTOPHER BERRY\"'),(92,'\"KIRSTEN AKROYD\"'),(93,'\"ELLEN PRESLEY\"'),(94,'\"KENNETH TORN\"'),(95,'\"DARYL WAHLBERG\"'),(96,'\"GENE WILLIS\"'),(97,'\"MEG HAWKE\"'),(98,'\"CHRIS BRIDGES\"'),(99,'\"JIM MOSTEL\"'),(100,'\"SPENCER DEPP\"'),(101,'\"SUSAN DAVIS\"'),(102,'\"WALTER TORN\"'),(103,'\"MATTHEW LEIGH\"'),(104,'\"PENELOPE CRONYN\"'),(105,'\"SIDNEY CROWE\"'),(106,'\"GROUCHO DUNST\"'),(107,'\"GINA DEGENERES\"'),(108,'\"WARREN NOLTE\"'),(109,'\"SYLVESTER DERN\"'),(110,'\"SUSAN DAVIS\"'),(111,'\"CAMERON ZELLWEGER\"'),(112,'\"RUSSELL BACALL\"'),(113,'\"MORGAN HOPKINS\"'),(114,'\"MORGAN MCDORMAND\"'),(115,'\"HARRISON BALE\"'),(116,'\"DAN STREEP\"'),(117,'\"RENEE TRACY\"'),(118,'\"CUBA ALLEN\"'),(119,'\"WARREN JACKMAN\"'),(120,'\"PENELOPE MONROE\"'),(121,'\"LIZA BERGMAN\"'),(122,'\"SALMA NOLTE\"'),(123,'\"JULIANNE DENCH\"'),(124,'\"SCARLETT BENING\"'),(125,'\"ALBERT NOLTE\"'),(126,'\"FRANCES TOMEI\"'),(127,'\"KEVIN GARLAND\"'),(128,'\"CATE MCQUEEN\"'),(129,'\"DARYL CRAWFORD\"'),(130,'\"GRETA KEITEL\"'),(131,'\"JANE JACKMAN\"'),(132,'\"ADAM HOPPER\"'),(133,'\"RICHARD PENN\"'),(134,'\"GENE HOPKINS\"'),(135,'\"RITA REYNOLDS\"'),(136,'\"ED MANSFIELD\"'),(137,'\"MORGAN WILLIAMS\"'),(138,'\"LUCILLE DEE\"'),(139,'\"EWAN GOODING\"'),(140,'\"WHOOPI HURT\"'),(141,'\"CATE HARRIS\"'),(142,'\"JADA RYDER\"'),(143,'\"RIVER DEAN\"'),(144,'\"ANGELA WITHERSPOON\"'),(145,'\"KIM ALLEN\"'),(146,'\"ALBERT JOHANSSON\"'),(147,'\"FAY WINSLET\"'),(148,'\"EMILY DEE\"'),(149,'\"RUSSELL TEMPLE\"'),(150,'\"JAYNE NOLTE\"'),(151,'\"GEOFFREY HESTON\"'),(152,'\"BEN HARRIS\"'),(153,'\"MINNIE KILMER\"'),(154,'\"MERYL GIBSON\"'),(155,'\"IAN TANDY\"'),(156,'\"FAY WOOD\"'),(157,'\"GRETA MALDEN\"'),(158,'\"VIVIEN BASINGER\"'),(159,'\"LAURA BRODY\"'),(160,'\"CHRIS DEPP\"'),(161,'\"HARVEY HOPE\"'),(162,'\"OPRAH KILMER\"'),(163,'\"CHRISTOPHER WEST\"'),(164,'\"HUMPHREY WILLIS\"'),(165,'\"AL GARLAND\"'),(166,'\"NICK DEGENERES\"'),(167,'\"LAURENCE BULLOCK\"'),(168,'\"WILL WILSON\"'),(169,'\"KENNETH HOFFMAN\"'),(170,'\"MENA HOPPER\"'),(171,'\"OLYMPIA PFEIFFER\"'),(172,'\"GROUCHO WILLIAMS\"'),(173,'\"ALAN DREYFUSS\"'),(174,'\"MICHAEL BENING\"'),(175,'\"WILLIAM HACKMAN\"'),(176,'\"JON CHASE\"'),(177,'\"GENE MCKELLEN\"'),(178,'\"LISA MONROE\"'),(179,'\"ED GUINESS\"'),(180,'\"JEFF SILVERSTONE\"'),(181,'\"MATTHEW CARREY\"'),(182,'\"DEBBIE AKROYD\"'),(183,'\"RUSSELL CLOSE\"'),(184,'\"HUMPHREY GARLAND\"'),(185,'\"MICHAEL BOLGER\"'),(186,'\"JULIA ZELLWEGER\"'),(187,'\"RENEE BALL\"'),(188,'\"ROCK DUKAKIS\"'),(189,'\"CUBA BIRCH\"'),(190,'\"AUDREY BAILEY\"'),(191,'\"GREGORY GOODING\"'),(192,'\"JOHN SUVARI\"'),(193,'\"BURT TEMPLE\"'),(194,'\"MERYL ALLEN\"'),(195,'\"JAYNE SILVERSTONE\"'),(196,'\"BELA WALKEN\"'),(197,'\"REESE WEST\"'),(198,'\"MARY KEITEL\"'),(199,'\"JULIA FAWCETT\"'),(200,'\"THORA TEMPLE\"'),(201,'\"CLINT EASTWOOD\"'),(202,'\"HARRISON FORD\"'),(203,'\"BRUCE CAMPBELL\"'),(204,'\"HENRY THOMAS\"'),(205,'\"HENRY WINKLER\"'),(206,'\"ARNOLD SCHWARZENEGGER\"'),(207,'\"MICHAEL DOUGLAS\"'),(208,'\"TOM HANKS\"'),(209,'\"MICHAEL J. FOX\"'),(210,'\"DON AMECHE\"'),(211,'\"TOM CRUISE\"'),(212,'\"DANNY GLOVER\"'),(213,'\"PAUL REUBENS\"'),(214,'\"LOUISE LASSER\"'),(215,'\"SIGOURNEY WEAVER\"'),(216,'\"MICHAEL KEATON\"'),(217,'\"ELISABETH SHUE\"'),(218,'\"CHRISTIAN BALE\"'),(219,'\"TOM BERENGER\"'),(220,'\"ALEC BALDWIN\"'),(221,'\"VAL KILMER\"'),(222,'\"BOB HOSKINS\"'),(223,'\"FOREST WHITAKER\"'),(224,'\"DAVID KEITH\"'),(225,'\"ED HARRIS\"'),(226,'\"STEVE MARTIN\"'),(227,'\"RICHARD DREYFUSS\"'),(228,'\"MACAULAY CULKIN\"'),(229,'\"JOHNNY DEPP\"'),(230,'\"LIAM NEESON\"'),(231,'\"DUSTIN HOFFMAN\"'),(232,'\"SUSAN SARANDON\"'),(233,'\"KURT RUSSELL\"'),(234,'\"JOHN CANDY\"'),(235,'\"MERYL STREEP\"'),(236,'\"JEAN-CLAUDE VAN DAMME\"'),(237,'\"TIMOTHY BALME\"'),(238,'\"GÉRARD DEPARDIEU\"'),(239,'\"SAM NEILL\"'),(240,'\"ROBIN WILLIAMS\"'),(241,'\"KEVIN COSTNER\"'),(242,'\"MELANIE LYNSKEY\"'),(243,'\"KEVIN SPACEY\"'),(244,'\"WILL SMITH\"'),(245,'\"SHARON STONE\"'),(246,'\"HUGH GRANT\"'),(247,'\"SEAN CONNERY\"'),(248,'\"JACK NICHOLSON\"'),(249,'\"JEFF BRIDGES\"'),(250,'\"MEL GIBSON\"'),(251,'\"LEONARDO DICAPRIO\"'),(252,'\"JODIE FOSTER\"'),(253,'\"JEFF GOLDBLUM\"'),(254,'\"JOHN CUSACK\"'),(255,'\"DEMI MOORE\"'),(256,'\"DJIMON HOUNSOU\"'),(257,'\"NATHAN LANE\"'),(258,'\"BRUCE WILLIS\"'),(259,'\"MATTHEW BRODERICK\"'),(260,'\"JULIA ROBERTS\"'),(261,'\"BILL PAXTON\"'),(262,'\"JEREMY THEOBALD\"'),(263,'\"IAN MCKELLEN\"'),(264,'\"JOSEPH CROSS\"'),(265,'\"EWAN MCGREGOR\"'),(266,'\"ELI MARIENTHAL\"'),(267,'\"MATTHEW MCCONAUGHEY\"'),(268,'\"RUSSELL CROWE\"'),(269,'\"GUY PEARCE\"'),(270,'\"PATRICK STEWART\"'),(271,'\"BRECKIN MEYER\"'),(272,'\"JIM CARREY\"'),(273,'\"CATE BLANCHETT\"'),(274,'\"DANIEL RADCLIFFE\"'),(275,'\"ELIJAH WOOD\"'),(276,'\"JOSH HARTNETT\"'),(277,'\"BEN AFFLECK\"'),(278,'\"HALEY JOEL OSMENT\"'),(279,'\"ANTHONY HOPKINS\"'),(280,'\"MARK WAHLBERG\"'),(281,'\"BRAD PITT\"'),(282,'\"VINCE VAUGHN\"'),(283,'\"TOBEY MAGUIRE\"'),(284,'\"NAOMI WATTS\"'),(285,'\"HAYDEN CHRISTENSEN\"'),(286,'\"AL PACINO\"'),(287,'\"LUKE WILSON\"'),(288,'\"SEAN PENN\"'),(289,'\"TOMMY LEE JONES\"'),(290,'\"WILL FERRELL\"'),(291,'\"NICOLAS CAGE\"'),(292,'\"CRAIG T. NELSON\"'),(293,'\"CARY ELWES\"'),(294,'\"HILARY SWANK\"'),(295,'\"DENNIS QUAID\"'),(296,'\"SARAH POLLEY\"'),(297,'\"BEN STILLER\"'),(298,'\"ORLANDO BLOOM\"'),(299,'\"KEANU REEVES\"'),(300,'\"SCARLETT JOHANSSON\"'),(301,'\"ERIC BANA\"'),(302,'\"TAYE DIGGS\"'),(303,'\"JOSH HUTCHERSON\"'),(304,'\"GERARD BUTLER\"'),(305,'\"BRANDON ROUTH\"'),(306,'\"PAUL GIAMATTI\"'),(307,'\"KEN WATANABE\"'),(308,'\"RYAN PHILLIPPE\"'),(309,'\"SHIA LABEOUF\"'),(310,'\"BRAD GARRETT\"'),(311,'\"DENZEL WASHINGTON\"'),(312,'\"RAY WINSTONE\"'),(313,'\"RYAN KWANTEN\"'),(314,'\"KEVIN BACON\"'),(315,'\"ROBERT DOWNEY JR.\"'),(316,'\"ANGELINA JOLIE\"'),(317,'\"FRANK LANGELLA\"'),(318,'\"CHRIS PINE\"'),(319,'\"SAM WORTHINGTON\"'),(320,'\"JACKIE EARLE HALEY\"'),(321,'\"ZACH GALIFIANAKIS\"'),(322,'\"RACHEL WEISZ\"'),(323,'\"ALISON LOHMAN\"'),(324,'\"MORGAN FREEMAN\"'),(325,'\"PATRICK WILSON\"'),(326,'\"NOAH RINGER\"'),(327,'\"MIA WASIKOWSKA\"'),(328,'\"STEVE CARELL\"'),(329,'\"LOGAN LERMAN\"'),(330,'\"MATT DAMON\"'),(331,'\"JIM STURGESS\"'),(332,'\"EMILY BROWNING\"'),(333,'\"ELLE FANNING\"'),(334,'\"DANIEL CRAIG\"'),(335,'\"JEREMY IRVINE\"'),(336,'\"JAMIE BELL\"'),(337,'\"BRADLEY COOPER\"'),(338,'\"ROBERT PATTINSON\"'),(339,'\"RHYS IFANS\"'),(340,'\"MARTIN FREEMAN\"'),(341,'\"NOOMI RAPACE\"'),(342,'\"DANIEL DAY-LEWIS\"'),(343,'\"ZAC EFRON\"'),(344,'\"WINONA RYDER\"'),(345,'\"HENRY CAVILL\"'),(346,'\"DANIEL BRÜHL\"'),(347,'\"JENNIFER LAWRENCE\"'),(348,'\"CHANNING TATUM\"'),(349,'\"JAMES FRANCO\"'),(350,'\"MICHAEL FASSBENDER\"'),(351,'\"JADEN SMITH\"'),(352,'\"NICHOLAS HOULT\"'),(353,'\"CHRIS EVANS\"'),(354,'\"JON FAVREAU\"'),(355,'\"ANDY POWERS\"'),(356,'\"AMY ADAMS\"'),(357,'\"JOHN LLOYD YOUNG\"'),(358,'\"VIN DIESEL\"'),(359,'\"DAISY RIDLEY\"'),(360,'\"CHRIS HEMSWORTH\"'),(361,'\"OLIVIA DEJONGE\"'),(362,'\"SANDRA BULLOCK\"'),(363,'\"GEORGE CLOONEY\"'),(364,'\"ADAM SANDLER\"'),(365,'\"JOSEPH GORDON-LEVITT\"'),(366,'\"JAMES MCAVOY\"'),(367,'\"VERA FARMIGA\"'),(368,'\"JOHN KRASINSKI\"'),(369,'\"LIAM HEMSWORTH\"'),(370,'\"EVA GREEN\"'),(371,'\"EDDIE REDMAYNE\"'),(372,'\"JONAH HILL\"'),(373,'\"ALEXANDER SKARSGÅRD\"'),(374,'\"NEEL SETHI\"'),(375,'\"DANE DEHAAN\"'),(376,'\"LOUIS C.K.\"'),(377,'\"MARK RYLANCE\"'),(378,'\"TOM HOLLAND\"'),(379,'\"FIONN WHITEHEAD\"'),(380,'\"MICHELLE WILLIAMS\"'),(381,'\"RAMI MALEK\"'),(382,'\"JASON MOMOA\"'),(383,'\"TYE SHERIDAN\"'),(384,'\"ALDEN EHRENREICH\"'),(385,'\"ALEK SKARLATOS\"'),(386,'\"JOAQUIN PHOENIX\"'),(387,'\"DONALD GLOVER\"'),(388,'\"PATTON OSWALT\"'),(389,'\"COLIN FARRELL\"'),(390,'\"JOHN DAVID WASHINGTON\"');
/*!40000 ALTER TABLE `ator` ENABLE KEYS */;
UNLOCK TABLES;

--
-- Table structure for table `diretor`
--

DROP TABLE IF EXISTS `diretor`;
/*!40101 SET @saved_cs_client     = @@character_set_client */;
/*!50503 SET character_set_client = utf8mb4 */;
CREATE TABLE `diretor` (
  `idDiretor` int NOT NULL AUTO_INCREMENT,
  `nomeDiretor` varchar(50) NOT NULL,
  `ganhosTotais` mediumtext,
  `numFilmes` int DEFAULT NULL,
  `mediaGanhos` mediumtext,
  PRIMARY KEY (`idDiretor`)
) ENGINE=InnoDB AUTO_INCREMENT=158 DEFAULT CHARSET=utf8mb4 COLLATE=utf8mb4_0900_ai_ci;
/*!40101 SET character_set_client = @saved_cs_client */;

--
-- Dumping data for table `diretor`
--

LOCK TABLES `diretor` WRITE;
/*!40000 ALTER TABLE `diretor` DISABLE KEYS */;
INSERT INTO `diretor` VALUES (1,'\"Steven Spielberg\"','10649819084',36,'295828308\r'),(2,'\"James Cameron\"','7200499748',14,'514321411\r'),(3,'\"Anthony Russo\"','6843246470',8,'855405809\r'),(4,'\"Peter Jackson\"','6536703723',15,'435780248\r'),(5,'\"Michael Bay\"','6495374196',16,'405960887\r'),(6,'\"David Yates\"','6350769729',10,'635076973\r'),(7,'\"Christopher Nolan\"','4955387330',13,'381183641\r'),(8,'\"J.J. Abrams\"','4648965502',6,'774827584\r'),(9,'\"Tim Burton\"','4413226120',19,'232275059\r'),(10,'\"Ridley Scott\"','4366290985',31,'140848096\r'),(11,'\"Robert Zemeckis\"','4358901752',22,'198131898\r'),(12,'\"Jon Favreau\"','4319399476',9,'479933275\r'),(13,'\"Ron Howard\"','4300805899',33,'130327451\r'),(14,'\"Sam Raimi\"','4260564038',15,'284037603\r'),(15,'\"Chris Columbus\"','4078940358',18,'226607798\r'),(16,'\"Roland Emmerich\"','4015735736',15,'267715716\r'),(17,'\"Jon Watts\"','3922946014',5,'784589203\r'),(18,'\"James Wan\"','3723418759',12,'310284897\r'),(19,'\"Bryan Singer\"','3711840096',10,'371184010\r'),(20,'\"Pierre Coffin\"','3708762824',4,'927190706\r'),(21,'\"Gore Verbinski\"','3682489019',11,'334771729\r'),(22,'\"George Lucas\"','3448142176',6,'574690363\r'),(23,'\"Brad Bird\"','3433470811',6,'572245135\r'),(24,'\"Francis Lawrence\"','3348727127',10,'334872713\r'),(25,'\"Clint Eastwood\"','3332177414',39,'85440447\r'),(26,'\"Chris Renaud\"','3201069776',5,'640213955\r'),(27,'\"Todd Phillips\"','3175831457',11,'288711951\r'),(28,'\"Zack Snyder\"','3170405984',12,'264200499\r'),(29,'\"Kyle Balda\"','3127751798',3,'1042583933\r'),(30,'\"M. Night Shyamalan\"','3108148696',14,'222010621\r'),(31,'\"Adam Smith\"',NULL,NULL,NULL),(32,'\"Alan Bromly\"',NULL,NULL,NULL),(33,'\"Alan Wareing\"',NULL,NULL,NULL),(34,'\"Alice Troughton\"',NULL,NULL,NULL),(35,'\"Andrew Gunn\"',NULL,NULL,NULL),(36,'\"Andrew Morgan\"',NULL,NULL,NULL),(37,'\"Andy Goddard\"',NULL,NULL,NULL),(38,'\"Ashley Way\"',NULL,NULL,NULL),(39,'\"Barry Letts\"',NULL,NULL,NULL),(40,'\"Ben Wheatley\"',NULL,NULL,NULL),(41,'\"Bill Sellars\"',NULL,NULL,NULL),(42,'\"Brian Grant\"',NULL,NULL,NULL),(43,'\"Catherine Morshead\"',NULL,NULL,NULL),(44,'\"Charles Palmer\"',NULL,NULL,NULL),(45,'\"Chris Clough\"',NULL,NULL,NULL),(46,'\"Christopher Barry\"',NULL,NULL,NULL),(47,'\"Colin Teague\"',NULL,NULL,NULL),(48,'\"Colm McCarthy\"',NULL,NULL,NULL),(49,'\"Dan Zeff\"',NULL,NULL,NULL),(50,'\"Daniel Nettheim\"',NULL,NULL,NULL),(51,'\"Daniel O\'Hara\"',NULL,NULL,NULL),(52,'\"Darrol Blake\"',NULL,NULL,NULL),(53,'\"David Maloney\"',NULL,NULL,NULL),(54,'\"Derek Martinus\"',NULL,NULL,NULL),(55,'\"Derrick Goodwin\"',NULL,NULL,NULL),(56,'\"Douglas Camfield\"',NULL,NULL,NULL),(57,'\"Douglas Mackinnon\"',NULL,NULL,NULL),(58,'\"Ed Bazalgette\"',NULL,NULL,NULL),(59,'\"Euros Lyn\"',NULL,NULL,NULL),(60,'\"Farren Blackburn\"',NULL,NULL,NULL),(61,'\"Fiona Cumming\"',NULL,NULL,NULL),(62,'\"Frank Cox\"',NULL,NULL,NULL),(63,'\"Geoffrey Sax\"',NULL,NULL,NULL),(64,'\"George Spenton-Foster\"',NULL,NULL,NULL),(65,'\"Gerald Blake\"',NULL,NULL,NULL),(66,'\"Gerry Mill\"',NULL,NULL,NULL),(67,'\"Gordon Flemyng\"',NULL,NULL,NULL),(68,'\"Graeme Harper\"',NULL,NULL,NULL),(69,'\"Henric Hirsch\"',NULL,NULL,NULL),(70,'\"Hettie MacDonald\"',NULL,NULL,NULL),(71,'\"Hugh David\"',NULL,NULL,NULL),(72,'\"James Hawes\"',NULL,NULL,NULL),(73,'\"James Strong\"',NULL,NULL,NULL),(74,'\"Jamie Payne\"',NULL,NULL,NULL),(75,'\"Jeremy Webb\"',NULL,NULL,NULL),(76,'\"Joe Ahearne\"',NULL,NULL,NULL),(77,'\"John Black\"',NULL,NULL,NULL),(78,'\"John Crockett\"',NULL,NULL,NULL),(79,'\"John Davies\"',NULL,NULL,NULL),(80,'\"John Gorrie\"',NULL,NULL,NULL),(81,'\"Jonny Campbell\"',NULL,NULL,NULL),(82,'\"Julia Smith\"',NULL,NULL,NULL),(83,'\"Julian Simpson\"',NULL,NULL,NULL),(84,'\"Justin Molotnikov\"',NULL,NULL,NULL),(85,'\"Keith Boak\"',NULL,NULL,NULL),(86,'\"Ken Grieve\"',NULL,NULL,NULL),(87,'\"Kenny McBain\"',NULL,NULL,NULL),(88,'\"Lennie Mayne\"',NULL,NULL,NULL),(89,'\"Lovett Bickford\"',NULL,NULL,NULL),(90,'\"Marvyn Pinfield\"',NULL,NULL,NULL),(91,'\"Mary Ridge\"',NULL,NULL,NULL),(92,'\"Mat King\"',NULL,NULL,NULL),(93,'\"Matthew Robinson\"',NULL,NULL,NULL),(94,'\"Mervyn Pinfield\"',NULL,NULL,NULL),(95,'\"Michael E. Briant\"',NULL,NULL,NULL),(96,'\"Michael Ferguson\"',NULL,NULL,NULL),(97,'\"Michael Hart\"',NULL,NULL,NULL),(98,'\"Michael Hayes\"',NULL,NULL,NULL),(99,'\"Michael Imison\"',NULL,NULL,NULL),(100,'\"Michael Kerrigan\"',NULL,NULL,NULL),(101,'\"Michael Leeston-Smith\"',NULL,NULL,NULL),(102,'\"Michael Owen Morris\"',NULL,NULL,NULL),(103,'\"Morris Barry\"',NULL,NULL,NULL),(104,'\"Nicholas Mallett\"',NULL,NULL,NULL),(105,'\"Nick Hurran\"',NULL,NULL,NULL),(106,'\"Norman Stewart\"',NULL,NULL,NULL),(107,'\"Paddy Russell\"',NULL,NULL,NULL),(108,'\"Paul Bernard\"',NULL,NULL,NULL),(109,'\"Paul Joyce\"',NULL,NULL,NULL),(110,'\"Paul Murphy\"',NULL,NULL,NULL),(111,'\"Paul Wilmshurst\"',NULL,NULL,NULL),(112,'\"Pennant Roberts\"',NULL,NULL,NULL),(113,'\"Peter Grimwade\"',NULL,NULL,NULL),(114,'\"Peter Hoar\"',NULL,NULL,NULL),(115,'\"Peter Moffatt\"',NULL,NULL,NULL),(116,'\"Rachel Talalay\"',NULL,NULL,NULL),(117,'\"Rex Tucker\"',NULL,NULL,NULL),(118,'\"Richard Clark\"',NULL,NULL,NULL),(119,'\"Richard Martin\"',NULL,NULL,NULL),(120,'\"Richard Senior\"',NULL,NULL,NULL),(121,'\"Rodney Bennett\"',NULL,NULL,NULL),(122,'\"Ron Jones\"',NULL,NULL,NULL),(123,'\"Sarah Hellings\"',NULL,NULL,NULL),(124,'\"Saul Metzstein\"',NULL,NULL,NULL),(125,'\"Sheree Folkson\"',NULL,NULL,NULL),(126,'\"Stephen Woolfenden\"',NULL,NULL,NULL),(127,'\"Steve Hughes\"',NULL,NULL,NULL),(128,'\"Terency Dudley\"',NULL,NULL,NULL),(129,'\"Timothy Combe\"',NULL,NULL,NULL),(130,'\"Toby Haynes\"',NULL,NULL,NULL),(131,'\"Tony Virgo\"',NULL,NULL,NULL),(132,'\"Tristan DeVere Cole\"',NULL,NULL,NULL),(133,'\"Warris Hussein\"',NULL,NULL,NULL),(134,'\"Lawrence Gough\"',NULL,NULL,NULL),(135,'\"Bill Anderson\"',NULL,NULL,NULL),(136,'\"Charles Palmer\"',NULL,NULL,NULL),(137,'\"Wayne Yip\"',NULL,NULL,NULL),(138,'\"Jamie Childs\"',NULL,NULL,NULL),(139,'\"Mark Tonderai\"',NULL,NULL,NULL),(140,'\"Sallie Aprahamian\"',NULL,NULL,NULL),(141,'\"Jennifer Perrott\"',NULL,NULL,NULL);
/*!40000 ALTER TABLE `diretor` ENABLE KEYS */;
UNLOCK TABLES;

--
-- Table structure for table `filmes`
--

DROP TABLE IF EXISTS `filmes`;
/*!40101 SET @saved_cs_client     = @@character_set_client */;
/*!50503 SET character_set_client = utf8mb4 */;
CREATE TABLE `filmes` (
  `idFilme` int NOT NULL AUTO_INCREMENT,
  `nomeFilme` varchar(60) NOT NULL,
  `idGenero` int DEFAULT NULL,
  `score` float DEFAULT NULL,
  `ano` int DEFAULT NULL,
  `idDiretor` int DEFAULT NULL,
  PRIMARY KEY (`idFilme`),
  KEY `idDiretor` (`idDiretor`),
  KEY `idGenero` (`idGenero`),
  CONSTRAINT `filmes_ibfk_1` FOREIGN KEY (`idDiretor`) REFERENCES `diretor` (`idDiretor`),
  CONSTRAINT `filmes_ibfk_2` FOREIGN KEY (`idGenero`) REFERENCES `genero` (`idGenero`)
) ENGINE=InnoDB AUTO_INCREMENT=1512 DEFAULT CHARSET=utf8mb4 COLLATE=utf8mb4_0900_ai_ci;
/*!40101 SET character_set_client = @saved_cs_client */;

--
-- Dumping data for table `filmes`
--

LOCK TABLES `filmes` WRITE;
/*!40000 ALTER TABLE `filmes` DISABLE KEYS */;
INSERT INTO `filmes` VALUES (1,'\"ACADEMY DINOSAUR\"',6,NULL,2006,NULL),(2,'\"ACE GOLDFINGER\"',11,NULL,2006,NULL),(3,'\"ADAPTATION HOLES\"',6,NULL,2006,NULL),(4,'\"AFFAIR PREJUDICE\"',11,NULL,2006,NULL),(5,'\"AFRICAN EGG\"',8,NULL,2006,NULL),(6,'\"AGENT TRUMAN\"',9,NULL,2006,NULL),(7,'\"AIRPLANE SIERRA\"',5,NULL,2006,NULL),(8,'\"AIRPORT POLLOCK\"',11,NULL,2006,NULL),(9,'\"ALABAMA DEVIL\"',11,NULL,2006,NULL),(10,'\"ALADDIN CALENDAR\"',15,NULL,2006,NULL),(11,'\"ALAMO VIDEOTAPE\"',9,NULL,2006,NULL),(12,'\"ALASKA PHANTOM\"',12,NULL,2006,NULL),(13,'\"ALI FOREVER\"',11,NULL,2006,NULL),(14,'\"ALICE FANTASIA\"',4,NULL,2006,NULL),(15,'\"ALIEN CENTER\"',9,NULL,2006,NULL),(16,'\"ALLEY EVOLUTION\"',9,NULL,2006,NULL),(17,'\"ALONE TRIP\"',12,NULL,2006,NULL),(18,'\"ALTER VICTORY\"',2,NULL,2006,NULL),(19,'\"AMADEUS HOLY\"',1,NULL,2006,NULL),(20,'\"AMELIE HELLFIGHTERS\"',12,NULL,2006,NULL),(21,'\"AMERICAN CIRCUS\"',1,NULL,2006,NULL),(22,'\"AMISTAD MIDSUMMER\"',13,NULL,2006,NULL),(23,'\"ANACONDA CONFESSIONS\"',2,NULL,2006,NULL),(24,'\"ANALYZE HOOSIERS\"',11,NULL,2006,NULL),(25,'\"ANGELS LIFE\"',13,NULL,2006,NULL),(26,'\"ANNIE IDENTITY\"',14,NULL,2006,NULL),(27,'\"ANONYMOUS HUMAN\"',15,NULL,2006,NULL),(28,'\"ANTHEM LUKE\"',5,NULL,2006,NULL),(29,'\"ANTITRUST TOMATOES\"',1,NULL,2006,NULL),(30,'\"ANYTHING SAVANNAH\"',11,NULL,2006,NULL),(31,'\"APACHE DIVINE\"',8,NULL,2006,NULL),(32,'\"APOCALYPSE FLAMINGOS\"',13,NULL,2006,NULL),(33,'\"APOLLO TEEN\"',7,NULL,2006,NULL),(34,'\"ARABIA DOGMA\"',11,NULL,2006,NULL),(35,'\"ARACHNOPHOBIA ROLLERCOASTER\"',11,NULL,2006,NULL),(36,'\"ARGONAUTS TOWN\"',2,NULL,2006,NULL),(37,'\"ARIZONA BANG\"',4,NULL,2006,NULL),(38,'\"ARK RIDGEMONT\"',1,NULL,2006,NULL),(39,'\"ARMAGEDDON LOST\"',14,NULL,2006,NULL),(40,'\"ARMY FLINTSTONES\"',6,NULL,2006,NULL),(41,'\"ARSENIC INDEPENDENCE\"',16,NULL,2006,NULL),(42,'\"ARTIST COLDBLOODED\"',15,NULL,2006,NULL),(43,'\"ATLANTIS CAUSE\"',8,NULL,2006,NULL),(44,'\"ATTACKS HATE\"',14,NULL,2006,NULL),(45,'\"ATTRACTION NEWTON\"',13,NULL,2006,NULL),(46,'\"AUTUMN CROW\"',10,NULL,2006,NULL),(47,'\"BABY HALL\"',9,NULL,2006,NULL),(48,'\"BACKLASH UNDEFEATED\"',3,NULL,2006,NULL),(49,'\"BADMAN DAWN\"',14,NULL,2006,NULL),(50,'\"BAKED CLEOPATRA\"',8,NULL,2006,NULL),(51,'\"BALLOON HOMEWARD\"',12,NULL,2006,NULL),(52,'\"BALLROOM MOCKINGBIRD\"',9,NULL,2006,NULL),(53,'\"BANG KWAI\"',8,NULL,2006,NULL),(54,'\"BANGER PINOCCHIO\"',12,NULL,2006,NULL),(55,'\"BARBARELLA STREETCAR\"',14,NULL,2006,NULL),(56,'\"BAREFOOT MANCHURIAN\"',1,NULL,2006,NULL),(57,'\"BASIC EASY\"',16,NULL,2006,NULL),(58,'\"BEACH HEARTBREAKERS\"',6,NULL,2006,NULL),(59,'\"BEAR GRACELAND\"',3,NULL,2006,NULL),(60,'\"BEAST HUNCHBACK\"',4,NULL,2006,NULL),(61,'\"BEAUTY GREASE\"',7,NULL,2006,NULL),(62,'\"BED HIGHBALL\"',6,NULL,2006,NULL),(63,'\"BEDAZZLED MARRIED\"',8,NULL,2006,NULL),(64,'\"BEETHOVEN EXORCIST\"',7,NULL,2006,NULL),(65,'\"BEHAVIOR RUNAWAY\"',11,NULL,2006,NULL),(66,'\"BENEATH RUSH\"',3,NULL,2006,NULL),(67,'\"BERETS AGENT\"',1,NULL,2006,NULL),(68,'\"BETRAYED REAR\"',3,NULL,2006,NULL),(69,'\"BEVERLY OUTLAW\"',14,NULL,2006,NULL),(70,'\"BIKINI BORROWERS\"',2,NULL,2006,NULL),(71,'\"BILKO ANONYMOUS\"',8,NULL,2006,NULL),(72,'\"BILL OTHERS\"',6,NULL,2006,NULL),(73,'\"BINGO TALENTED\"',14,NULL,2006,NULL),(74,'\"BIRCH ANTITRUST\"',12,NULL,2006,NULL),(75,'\"BIRD INDEPENDENCE\"',16,NULL,2006,NULL),(76,'\"BIRDCAGE CASPER\"',12,NULL,2006,NULL),(77,'\"BIRDS PERDITION\"',13,NULL,2006,NULL),(78,'\"BLACKOUT PRIVATE\"',2,NULL,2006,NULL),(79,'\"BLADE POLISH\"',7,NULL,2006,NULL),(80,'\"BLANKET BEVERLY\"',8,NULL,2006,NULL),(81,'\"BLINDNESS GUN\"',14,NULL,2006,NULL),(82,'\"BLOOD ARGONAUTS\"',8,NULL,2006,NULL),(83,'\"BLUES INSTINCT\"',8,NULL,2006,NULL),(84,'\"BOILED DARES\"',16,NULL,2006,NULL),(85,'\"BONNIE HOLOCAUST\"',6,NULL,2006,NULL),(86,'\"BOOGIE AMELIE\"',12,NULL,2006,NULL),(87,'\"BOONDOCK BALLROOM\"',16,NULL,2006,NULL),(88,'\"BORN SPINAL\"',16,NULL,2006,NULL),(89,'\"BORROWERS BEDAZZLED\"',2,NULL,2006,NULL),(90,'\"BOULEVARD MOB\"',13,NULL,2006,NULL),(91,'\"BOUND CHEAPER\"',4,NULL,2006,NULL),(92,'\"BOWFINGER GABLES\"',11,NULL,2006,NULL),(93,'\"BRANNIGAN SUNRISE\"',13,NULL,2006,NULL),(94,'\"BRAVEHEART HUMAN\"',8,NULL,2006,NULL),(95,'\"BREAKFAST GOLDFINGER\"',13,NULL,2006,NULL),(96,'\"BREAKING HOME\"',13,NULL,2006,NULL),(97,'\"BRIDE INTRIGUE\"',1,NULL,2006,NULL),(98,'\"BRIGHT ENCOUNTERS\"',7,NULL,2006,NULL),(99,'\"BRINGING HYSTERICAL\"',5,NULL,2006,NULL),(100,'\"BROOKLYN DESERT\"',9,NULL,2006,NULL),(101,'\"BROTHERHOOD BLANKET\"',6,NULL,2006,NULL),(102,'\"BUBBLE GROSSE\"',15,NULL,2006,NULL),(103,'\"BUCKET BROTHERHOOD\"',16,NULL,2006,NULL),(104,'\"BUGSY SONG\"',9,NULL,2006,NULL),(105,'\"BULL SHAWSHANK\"',1,NULL,2006,NULL),(106,'\"BULWORTH COMMANDMENTS\"',10,NULL,2006,NULL),(107,'\"BUNCH MINDS\"',7,NULL,2006,NULL),(108,'\"BUTCH PANTHER\"',13,NULL,2006,NULL),(109,'\"BUTTERFLY CHOCOLAT\"',13,NULL,2006,NULL),(110,'\"CABIN FLASH\"',3,NULL,2006,NULL),(111,'\"CADDYSHACK JEDI\"',1,NULL,2006,NULL),(112,'\"CALENDAR GUNFIGHT\"',9,NULL,2006,NULL),(113,'\"CALIFORNIA BIRDS\"',15,NULL,2006,NULL),(114,'\"CAMELOT VACATION\"',14,NULL,2006,NULL),(115,'\"CAMPUS REMEMBER\"',1,NULL,2006,NULL),(116,'\"CANDIDATE PERDITION\"',4,NULL,2006,NULL),(117,'\"CANDLES GRAPES\"',10,NULL,2006,NULL),(118,'\"CANYON STOCK\"',2,NULL,2006,NULL),(119,'\"CAPER MOTIONS\"',5,NULL,2006,NULL),(120,'\"CARIBBEAN LIBERTY\"',15,NULL,2006,NULL),(121,'\"CAROL TEXAS\"',2,NULL,2006,NULL),(122,'\"CARRIE BUNCH\"',11,NULL,2006,NULL),(123,'\"CASABLANCA SUPER\"',16,NULL,2006,NULL),(124,'\"CASPER DRAGONFLY\"',3,NULL,2006,NULL),(125,'\"CASSIDY WYOMING\"',16,NULL,2006,NULL),(126,'\"CASUALTIES ENCINO\"',1,NULL,2006,NULL),(127,'\"CAT CONEHEADS\"',5,NULL,2006,NULL),(128,'\"CATCH AMISTAD\"',9,NULL,2006,NULL),(129,'\"CAUSE DATE\"',6,NULL,2006,NULL),(130,'\"CELEBRITY HORN\"',1,NULL,2006,NULL),(131,'\"CENTER DINOSAUR\"',4,NULL,2006,NULL),(132,'\"CHAINSAW UPTOWN\"',14,NULL,2006,NULL),(133,'\"CHAMBER ITALIAN\"',12,NULL,2006,NULL),(134,'\"CHAMPION FLATLINERS\"',2,NULL,2006,NULL),(135,'\"CHANCE RESURRECTION\"',15,NULL,2006,NULL),(136,'\"CHAPLIN LICENSE\"',13,NULL,2006,NULL),(137,'\"CHARADE DUFFEL\"',14,NULL,2006,NULL),(138,'\"CHARIOTS CONSPIRACY\"',14,NULL,2006,NULL),(139,'\"CHASING FIGHT\"',8,NULL,2006,NULL),(140,'\"CHEAPER CLYDE\"',14,NULL,2006,NULL),(141,'\"CHICAGO NORTH\"',10,NULL,2006,NULL),(142,'\"CHICKEN HELLFIGHTERS\"',6,NULL,2006,NULL),(143,'\"CHILL LUCK\"',7,NULL,2006,NULL),(144,'\"CHINATOWN GLADIATOR\"',13,NULL,2006,NULL),(145,'\"CHISUM BEHAVIOR\"',8,NULL,2006,NULL),(146,'\"CHITTY LOCK\"',7,NULL,2006,NULL),(147,'\"CHOCOLAT HARRY\"',8,NULL,2006,NULL),(148,'\"CHOCOLATE DUCK\"',9,NULL,2006,NULL),(149,'\"CHRISTMAS MOONSHINE\"',3,NULL,2006,NULL),(150,'\"CIDER DESIRE\"',6,NULL,2006,NULL),(151,'\"CINCINATTI WHISPERER\"',14,NULL,2006,NULL),(152,'\"CIRCUS YOUTH\"',3,NULL,2006,NULL),(153,'\"CITIZEN SHREK\"',14,NULL,2006,NULL),(154,'\"CLASH FREDDY\"',2,NULL,2006,NULL),(155,'\"CLEOPATRA DEVIL\"',13,NULL,2006,NULL),(156,'\"CLERKS ANGELS\"',6,NULL,2006,NULL),(157,'\"CLOCKWORK PARADISE\"',3,NULL,2006,NULL),(158,'\"CLONES PINOCCHIO\"',12,NULL,2006,NULL),(159,'\"CLOSER BANG\"',5,NULL,2006,NULL),(160,'\"CLUB GRAFFITI\"',2,NULL,2006,NULL),(161,'\"CLUE GRAIL\"',12,NULL,2006,NULL),(162,'\"CLUELESS BUCKET\"',1,NULL,2006,NULL),(163,'\"CLYDE THEORY\"',13,NULL,2006,NULL),(164,'\"COAST RAINBOW\"',6,NULL,2006,NULL),(165,'\"COLDBLOODED DARLING\"',14,NULL,2006,NULL),(166,'\"COLOR PHILADELPHIA\"',4,NULL,2006,NULL),(167,'\"COMA HEAD\"',16,NULL,2006,NULL),(168,'\"COMANCHEROS ENEMY\"',3,NULL,2006,NULL),(169,'\"COMFORTS RUSH\"',16,NULL,2006,NULL),(170,'\"COMMAND DARLING\"',9,NULL,2006,NULL),(171,'\"COMMANDMENTS EXPRESS\"',11,NULL,2006,NULL),(172,'\"CONEHEADS SMOOCHY\"',7,NULL,2006,NULL),(173,'\"CONFESSIONS MAGUIRE\"',7,NULL,2006,NULL),(174,'\"CONFIDENTIAL INTERVIEW\"',12,NULL,2006,NULL),(175,'\"CONFUSED CANDLES\"',8,NULL,2006,NULL),(176,'\"CONGENIALITY QUEST\"',15,NULL,2006,NULL),(177,'\"CONNECTICUT TRAMP\"',14,NULL,2006,NULL),(178,'\"CONNECTION MICROCOSMOS\"',5,NULL,2006,NULL),(179,'\"CONQUERER NUTS\"',7,NULL,2006,NULL),(180,'\"CONSPIRACY SPIRIT\"',4,NULL,2006,NULL),(181,'\"CONTACT ANONYMOUS\"',16,NULL,2006,NULL),(182,'\"CONTROL ANTHEM\"',5,NULL,2006,NULL),(183,'\"CONVERSATION DOWNHILL\"',8,NULL,2006,NULL),(184,'\"CORE SUIT\"',4,NULL,2006,NULL),(185,'\"COWBOY DOOM\"',9,NULL,2006,NULL),(186,'\"CRAFT OUTFIELD\"',7,NULL,2006,NULL),(187,'\"CRANES RESERVOIR\"',15,NULL,2006,NULL),(188,'\"CRAZY HOME\"',5,NULL,2006,NULL),(189,'\"CREATURES SHAKESPEARE\"',10,NULL,2006,NULL),(190,'\"CREEPERS KANE\"',4,NULL,2006,NULL),(191,'\"CROOKED FROGMEN\"',3,NULL,2006,NULL),(192,'\"CROSSING DIVORCE\"',9,NULL,2006,NULL),(193,'\"CROSSROADS CASUALTIES\"',2,NULL,2006,NULL),(194,'\"CROW GREASE\"',1,NULL,2006,NULL),(195,'\"CROWDS TELEMARK\"',14,NULL,2006,NULL),(196,'\"CRUELTY UNFORGIVEN\"',4,NULL,2006,NULL),(197,'\"CRUSADE HONEY\"',15,NULL,2006,NULL),(198,'\"CRYSTAL BREAKING\"',9,NULL,2006,NULL),(199,'\"CUPBOARD SINNERS\"',6,NULL,2006,NULL),(200,'\"CURTAIN VIDEOTAPE\"',10,NULL,2006,NULL),(201,'\"CYCLONE FAMILY\"',9,NULL,2006,NULL),(202,'\"DADDY PITTSBURGH\"',5,NULL,2006,NULL),(203,'\"DAISY MENAGERIE\"',14,NULL,2006,NULL),(204,'\"DALMATIONS SWEDEN\"',7,NULL,2006,NULL),(205,'\"DANCES NONE\"',1,NULL,2006,NULL),(206,'\"DANCING FEVER\"',6,NULL,2006,NULL),(207,'\"DANGEROUS UPTOWN\"',9,NULL,2006,NULL),(208,'\"DARES PLUTO\"',2,NULL,2006,NULL),(209,'\"DARKNESS WAR\"',7,NULL,2006,NULL),(210,'\"DARKO DORADO\"',1,NULL,2006,NULL),(211,'\"DARLING BREAKING\"',10,NULL,2006,NULL),(212,'\"DARN FORRESTER\"',1,NULL,2006,NULL),(213,'\"DATE SPEED\"',8,NULL,2006,NULL),(214,'\"DAUGHTER MADIGAN\"',3,NULL,2006,NULL),(215,'\"DAWN POND\"',10,NULL,2006,NULL),(216,'\"DAY UNFAITHFUL\"',13,NULL,2006,NULL),(217,'\"DAZED PUNK\"',10,NULL,2006,NULL),(218,'\"DECEIVER BETRAYED\"',7,NULL,2006,NULL),(219,'\"DEEP CRUSADE\"',6,NULL,2006,NULL),(220,'\"DEER VIRGINIAN\"',12,NULL,2006,NULL),(221,'\"DELIVERANCE MULHOLLAND\"',6,NULL,2006,NULL),(222,'\"DESERT POSEIDON\"',11,NULL,2006,NULL),(223,'\"DESIRE ALIEN\"',2,NULL,2006,NULL),(224,'\"DESPERATE TRAINSPOTTING\"',16,NULL,2006,NULL),(225,'\"DESTINATION JERK\"',7,NULL,2006,NULL),(226,'\"DESTINY SATURDAY\"',13,NULL,2006,NULL),(227,'\"DETAILS PACKER\"',10,NULL,2006,NULL),(228,'\"DETECTIVE VISION\"',4,NULL,2006,NULL),(229,'\"DEVIL DESIRE\"',1,NULL,2006,NULL),(230,'\"DIARY PANIC\"',7,NULL,2006,NULL),(231,'\"DINOSAUR SECRETARY\"',8,NULL,2006,NULL),(232,'\"DIRTY ACE\"',10,NULL,2006,NULL),(233,'\"DISCIPLE MOTHER\"',16,NULL,2006,NULL),(234,'\"DISTURBING SCARFACE\"',14,NULL,2006,NULL),(235,'\"DIVIDE MONSTER\"',14,NULL,2006,NULL),(236,'\"DIVINE RESURRECTION\"',10,NULL,2006,NULL),(237,'\"DIVORCE SHINING\"',15,NULL,2006,NULL),(238,'\"DOCTOR GRAIL\"',3,NULL,2006,NULL),(239,'\"DOGMA FAMILY\"',2,NULL,2006,NULL),(240,'\"DOLLS RAGE\"',14,NULL,2006,NULL),(241,'\"DONNIE ALLEY\"',2,NULL,2006,NULL),(242,'\"DOOM DANCING\"',5,NULL,2006,NULL),(243,'\"DOORS PRESIDENT\"',2,NULL,2006,NULL),(244,'\"DORADO NOTTING\"',12,NULL,2006,NULL),(245,'\"DOUBLE WRATH\"',2,NULL,2006,NULL),(246,'\"DOUBTFIRE LABYRINTH\"',9,NULL,2006,NULL),(247,'\"DOWNHILL ENOUGH\"',5,NULL,2006,NULL),(248,'\"DOZEN LION\"',6,NULL,2006,NULL),(249,'\"DRACULA CRYSTAL\"',4,NULL,2006,NULL),(250,'\"DRAGON SQUAD\"',1,NULL,2006,NULL),(251,'\"DRAGONFLY STRANGERS\"',13,NULL,2006,NULL),(252,'\"DREAM PICKUP\"',1,NULL,2006,NULL),(253,'\"DRIFTER COMMANDMENTS\"',1,NULL,2006,NULL),(254,'\"DRIVER ANNIE\"',15,NULL,2006,NULL),(255,'\"DRIVING POLISH\"',12,NULL,2006,NULL),(256,'\"DROP WATERFRONT\"',15,NULL,2006,NULL),(257,'\"DRUMLINE CYCLONE\"',16,NULL,2006,NULL),(258,'\"DRUMS DYNAMITE\"',11,NULL,2006,NULL),(259,'\"DUCK RACER\"',2,NULL,2006,NULL),(260,'\"DUDE BLINDNESS\"',15,NULL,2006,NULL),(261,'\"DUFFEL APOCALYPSE\"',6,NULL,2006,NULL),(262,'\"DUMBO LUST\"',8,NULL,2006,NULL),(263,'\"DURHAM PANKY\"',15,NULL,2006,NULL),(264,'\"DWARFS ALTER\"',10,NULL,2006,NULL),(265,'\"DYING MAKER\"',5,NULL,2006,NULL),(266,'\"DYNAMITE TARZAN\"',4,NULL,2006,NULL),(267,'\"EAGLES PANKY\"',13,NULL,2006,NULL),(268,'\"EARLY HOME\"',2,NULL,2006,NULL),(269,'\"EARRING INSTINCT\"',8,NULL,2006,NULL),(270,'\"EARTH VISION\"',13,NULL,2006,NULL),(271,'\"EASY GLADIATOR\"',1,NULL,2006,NULL),(272,'\"EDGE KISSING\"',7,NULL,2006,NULL),(273,'\"EFFECT GLADIATOR\"',8,NULL,2006,NULL),(274,'\"EGG IGBY\"',6,NULL,2006,NULL),(275,'\"EGYPT TENENBAUMS\"',11,NULL,2006,NULL),(276,'\"ELEMENT FREDDY\"',5,NULL,2006,NULL),(277,'\"ELEPHANT TROJAN\"',11,NULL,2006,NULL),(278,'\"ELF MURDER\"',12,NULL,2006,NULL),(279,'\"ELIZABETH SHANE\"',15,NULL,2006,NULL),(280,'\"EMPIRE MALKOVICH\"',3,NULL,2006,NULL),(281,'\"ENCINO ELF\"',10,NULL,2006,NULL),(282,'\"ENCOUNTERS CURTAIN\"',7,NULL,2006,NULL),(283,'\"ENDING CROWDS\"',13,NULL,2006,NULL),(284,'\"ENEMY ODDS\"',12,NULL,2006,NULL),(285,'\"ENGLISH BULWORTH\"',14,NULL,2006,NULL),(286,'\"ENOUGH RAGING\"',16,NULL,2006,NULL),(287,'\"ENTRAPMENT SATISFACTION\"',1,NULL,2006,NULL),(288,'\"ESCAPE METROPOLIS\"',16,NULL,2006,NULL),(289,'\"EVE RESURRECTION\"',13,NULL,2006,NULL),(290,'\"EVERYONE CRAFT\"',9,NULL,2006,NULL),(291,'\"EVOLUTION ALTER\"',15,NULL,2006,NULL),(292,'\"EXCITEMENT EVE\"',1,NULL,2006,NULL),(293,'\"EXORCIST STING\"',15,NULL,2006,NULL),(294,'\"EXPECATIONS NATURAL\"',16,NULL,2006,NULL),(295,'\"EXPENDABLE STALLION\"',6,NULL,2006,NULL),(296,'\"EXPRESS LONELY\"',14,NULL,2006,NULL),(297,'\"EXTRAORDINARY CONQUERER\"',4,NULL,2006,NULL),(298,'\"EYES DRIVING\"',14,NULL,2006,NULL),(299,'\"FACTORY DRAGON\"',16,NULL,2006,NULL),(300,'\"FALCON VOLUME\"',2,NULL,2006,NULL),(301,'\"FAMILY SWEET\"',11,NULL,2006,NULL),(302,'\"FANTASIA PARK\"',10,NULL,2006,NULL),(303,'\"FANTASY TROOPERS\"',1,NULL,2006,NULL),(304,'\"FARGO GANDHI\"',3,NULL,2006,NULL),(305,'\"FATAL HAUNTED\"',13,NULL,2006,NULL),(306,'\"FEATHERS METAL\"',10,NULL,2006,NULL),(307,'\"FELLOWSHIP AUTUMN\"',16,NULL,2006,NULL),(308,'\"FERRIS MOTHER\"',5,NULL,2006,NULL),(309,'\"FEUD FROGMEN\"',8,NULL,2006,NULL),(310,'\"FEVER EMPIRE\"',10,NULL,2006,NULL),(311,'\"FICTION CHRISTMAS\"',9,NULL,2006,NULL),(312,'\"FIDDLER LOST\"',14,NULL,2006,NULL),(313,'\"FIDELITY DEVIL\"',11,NULL,2006,NULL),(314,'\"FIGHT JAWBREAKER\"',2,NULL,2006,NULL),(315,'\"FINDING ANACONDA\"',8,NULL,2006,NULL),(316,'\"FIRE WOLVES\"',10,NULL,2006,NULL),(317,'\"FIREBALL PHILADELPHIA\"',5,NULL,2006,NULL),(318,'\"FIREHOUSE VIETNAM\"',1,NULL,2006,NULL),(319,'\"FISH OPUS\"',14,NULL,2006,NULL),(320,'\"FLAMINGOS CONNECTICUT\"',13,NULL,2006,NULL),(321,'\"FLASH WARS\"',13,NULL,2006,NULL),(322,'\"FLATLINERS KILLER\"',15,NULL,2006,NULL),(323,'\"FLIGHT LIES\"',15,NULL,2006,NULL),(324,'\"FLINTSTONES HAPPINESS\"',5,NULL,2006,NULL),(325,'\"FLOATS GARDEN\"',2,NULL,2006,NULL),(326,'\"FLYING HOOK\"',2,NULL,2006,NULL),(327,'\"FOOL MOCKINGBIRD\"',1,NULL,2006,NULL),(328,'\"FOREVER CANDIDATE\"',3,NULL,2006,NULL),(329,'\"FORREST SONS\"',1,NULL,2006,NULL),(330,'\"FORRESTER COMANCHEROS\"',2,NULL,2006,NULL),(331,'\"FORWARD TEMPLE\"',10,NULL,2006,NULL),(332,'\"FRANKENSTEIN STRANGER\"',5,NULL,2006,NULL),(333,'\"FREAKY POCUS\"',12,NULL,2006,NULL),(334,'\"FREDDY STORM\"',11,NULL,2006,NULL),(335,'\"FREEDOM CLEOPATRA\"',5,NULL,2006,NULL),(336,'\"FRENCH HOLIDAY\"',6,NULL,2006,NULL),(337,'\"FRIDA SLIPPER\"',9,NULL,2006,NULL),(338,'\"FRISCO FORREST\"',14,NULL,2006,NULL),(339,'\"FROGMEN BREAKING\"',16,NULL,2006,NULL),(340,'\"FRONTIER CABIN\"',13,NULL,2006,NULL),(341,'\"FROST HEAD\"',4,NULL,2006,NULL),(342,'\"FUGITIVE MAGUIRE\"',16,NULL,2006,NULL),(343,'\"FULL FLATLINERS\"',3,NULL,2006,NULL),(344,'\"FURY MURDER\"',3,NULL,2006,NULL),(345,'\"GABLES METROPOLIS\"',8,NULL,2006,NULL),(346,'\"GALAXY SWEETHEARTS\"',4,NULL,2006,NULL),(347,'\"GAMES BOWFINGER\"',16,NULL,2006,NULL),(348,'\"GANDHI KWAI\"',8,NULL,2006,NULL),(349,'\"GANGS PRIDE\"',2,NULL,2006,NULL),(350,'\"GARDEN ISLAND\"',14,NULL,2006,NULL),(351,'\"GASLIGHT CRUSADE\"',11,NULL,2006,NULL),(352,'\"GATHERING CALENDAR\"',10,NULL,2006,NULL),(353,'\"GENTLEMEN STAGE\"',9,NULL,2006,NULL),(354,'\"GHOST GROUNDHOG\"',3,NULL,2006,NULL),(355,'\"GHOSTBUSTERS ELF\"',2,NULL,2006,NULL),(356,'\"GIANT TROOPERS\"',3,NULL,2006,NULL),(357,'\"GILBERT PELICAN\"',4,NULL,2006,NULL),(358,'\"GILMORE BOILED\"',4,NULL,2006,NULL),(359,'\"GLADIATOR WESTWARD\"',8,NULL,2006,NULL),(360,'\"GLASS DYING\"',1,NULL,2006,NULL),(361,'\"GLEAMING JAWBREAKER\"',15,NULL,2006,NULL),(362,'\"GLORY TRACY\"',10,NULL,2006,NULL),(363,'\"GO PURPLE\"',12,NULL,2006,NULL),(364,'\"GODFATHER DIARY\"',13,NULL,2006,NULL),(365,'\"GOLD RIVER\"',5,NULL,2006,NULL),(366,'\"GOLDFINGER SENSIBILITY\"',7,NULL,2006,NULL),(367,'\"GOLDMINE TYCOON\"',14,NULL,2006,NULL),(368,'\"GONE TROUBLE\"',7,NULL,2006,NULL),(369,'\"GOODFELLAS SALUTE\"',14,NULL,2006,NULL),(370,'\"GORGEOUS BINGO\"',3,NULL,2006,NULL),(371,'\"GOSFORD DONNIE\"',1,NULL,2006,NULL),(372,'\"GRACELAND DYNAMITE\"',15,NULL,2006,NULL),(373,'\"GRADUATE LORD\"',3,NULL,2006,NULL),(374,'\"GRAFFITI LOVE\"',14,NULL,2006,NULL),(375,'\"GRAIL FRANKENSTEIN\"',1,NULL,2006,NULL),(376,'\"GRAPES FURY\"',9,NULL,2006,NULL),(377,'\"GREASE YOUTH\"',8,NULL,2006,NULL),(378,'\"GREATEST NORTH\"',12,NULL,2006,NULL),(379,'\"GREEDY ROOTS\"',7,NULL,2006,NULL),(380,'\"GREEK EVERYONE\"',9,NULL,2006,NULL),(381,'\"GRINCH MASSAGE\"',10,NULL,2006,NULL),(382,'\"GRIT CLOCKWORK\"',10,NULL,2006,NULL),(383,'\"GROOVE FICTION\"',15,NULL,2006,NULL),(384,'\"GROSSE WONDERFUL\"',12,NULL,2006,NULL),(385,'\"GROUNDHOG UNCUT\"',5,NULL,2006,NULL),(386,'\"GUMP DATE\"',16,NULL,2006,NULL),(387,'\"GUN BONNIE\"',10,NULL,2006,NULL),(388,'\"GUNFIGHT MOON\"',5,NULL,2006,NULL),(389,'\"GUNFIGHTER MUSSOLINI\"',15,NULL,2006,NULL),(390,'\"GUYS FALCON\"',14,NULL,2006,NULL),(391,'\"HALF OUTFIELD\"',8,NULL,2006,NULL),(392,'\"HALL CASSIDY\"',3,NULL,2006,NULL),(393,'\"HALLOWEEN NUTS\"',6,NULL,2006,NULL),(394,'\"HAMLET WISDOM\"',14,NULL,2006,NULL),(395,'\"HANDICAP BOONDOCK\"',1,NULL,2006,NULL),(396,'\"HANGING DEEP\"',7,NULL,2006,NULL),(397,'\"HANKY OCTOBER\"',14,NULL,2006,NULL),(398,'\"HANOVER GALAXY\"',12,NULL,2006,NULL),(399,'\"HAPPINESS UNITED\"',9,NULL,2006,NULL),(400,'\"HARDLY ROBBERS\"',6,NULL,2006,NULL),(401,'\"HAROLD FRENCH\"',7,NULL,2006,NULL),(402,'\"HARPER DYING\"',2,NULL,2006,NULL),(403,'\"HARRY IDAHO\"',7,NULL,2006,NULL),(404,'\"HATE HANDICAP\"',5,NULL,2006,NULL),(405,'\"HAUNTED ANTITRUST\"',16,NULL,2006,NULL),(406,'\"HAUNTING PIANIST\"',10,NULL,2006,NULL),(407,'\"HAWK CHILL\"',6,NULL,2006,NULL),(408,'\"HEAD STRANGER\"',10,NULL,2006,NULL),(409,'\"HEARTBREAKERS BRIGHT\"',3,NULL,2006,NULL),(410,'\"HEAVEN FREEDOM\"',5,NULL,2006,NULL),(411,'\"HEAVENLY GUN\"',12,NULL,2006,NULL),(412,'\"HEAVYWEIGHTS BEAST\"',6,NULL,2006,NULL),(413,'\"HEDWIG ALTER\"',5,NULL,2006,NULL),(414,'\"HELLFIGHTERS SIERRA\"',9,NULL,2006,NULL),(415,'\"HIGH ENCINO\"',11,NULL,2006,NULL),(416,'\"HIGHBALL POTTER\"',9,NULL,2006,NULL),(417,'\"HILLS NEIGHBORS\"',1,NULL,2006,NULL),(418,'\"HOBBIT ALIEN\"',7,NULL,2006,NULL),(419,'\"HOCUS FRIDA\"',8,NULL,2006,NULL),(420,'\"HOLES BRANNIGAN\"',15,NULL,2006,NULL),(421,'\"HOLIDAY GAMES\"',9,NULL,2006,NULL),(422,'\"HOLLOW JEOPARDY\"',14,NULL,2006,NULL),(423,'\"HOLLYWOOD ANONYMOUS\"',3,NULL,2006,NULL),(424,'\"HOLOCAUST HIGHBALL\"',3,NULL,2006,NULL),(425,'\"HOLY TADPOLE\"',4,NULL,2006,NULL),(426,'\"HOME PITY\"',12,NULL,2006,NULL),(427,'\"HOMEWARD CIDER\"',6,NULL,2006,NULL),(428,'\"HOMICIDE PEACH\"',8,NULL,2006,NULL),(429,'\"HONEY TIES\"',15,NULL,2006,NULL),(430,'\"HOOK CHARIOTS\"',2,NULL,2006,NULL),(431,'\"HOOSIERS BIRDCAGE\"',9,NULL,2006,NULL),(432,'\"HOPE TOOTSIE\"',4,NULL,2006,NULL),(433,'\"HORN WORKING\"',2,NULL,2006,NULL),(434,'\"HORROR REIGN\"',16,NULL,2006,NULL),(435,'\"HOTEL HAPPINESS\"',9,NULL,2006,NULL),(436,'\"HOURS RAGE\"',13,NULL,2006,NULL),(437,'\"HOUSE DYNAMITE\"',8,NULL,2006,NULL),(438,'\"HUMAN GRAFFITI\"',10,NULL,2006,NULL),(439,'\"HUNCHBACK IMPOSSIBLE\"',7,NULL,2006,NULL),(440,'\"HUNGER ROOF\"',9,NULL,2006,NULL),(441,'\"HUNTER ALTER\"',6,NULL,2006,NULL),(442,'\"HUNTING MUSKETEERS\"',8,NULL,2006,NULL),(443,'\"HURRICANE AFFAIR\"',5,NULL,2006,NULL),(444,'\"HUSTLER PARTY\"',5,NULL,2006,NULL),(445,'\"HYDE DOCTOR\"',4,NULL,2006,NULL),(446,'\"HYSTERICAL GRAIL\"',15,NULL,2006,NULL),(447,'\"ICE CROSSING\"',10,NULL,2006,NULL),(448,'\"IDAHO LOVE\"',13,NULL,2006,NULL),(449,'\"IDENTITY LOVER\"',14,NULL,2006,NULL),(450,'\"IDOLS SNATCHERS\"',3,NULL,2006,NULL),(451,'\"IGBY MAKER\"',16,NULL,2006,NULL),(452,'\"ILLUSION AMELIE\"',9,NULL,2006,NULL),(453,'\"IMAGE PRINCESS\"',15,NULL,2006,NULL),(454,'\"IMPACT ALADDIN\"',12,NULL,2006,NULL),(455,'\"IMPOSSIBLE PREJUDICE\"',9,NULL,2006,NULL),(456,'\"INCH JET\"',2,NULL,2006,NULL),(457,'\"INDEPENDENCE HOTEL\"',6,NULL,2006,NULL),(458,'\"INDIAN LOVE\"',8,NULL,2006,NULL),(459,'\"INFORMER DOUBLE\"',9,NULL,2006,NULL),(460,'\"INNOCENT USUAL\"',9,NULL,2006,NULL),(461,'\"INSECTS STONE\"',2,NULL,2006,NULL),(462,'\"INSIDER ARIZONA\"',12,NULL,2006,NULL),(463,'\"INSTINCT AIRPORT\"',15,NULL,2006,NULL),(464,'\"INTENTIONS EMPIRE\"',2,NULL,2006,NULL),(465,'\"INTERVIEW LIAISONS\"',13,NULL,2006,NULL),(466,'\"INTOLERABLE INTENTIONS\"',6,NULL,2006,NULL),(467,'\"INTRIGUE WORST\"',9,NULL,2006,NULL),(468,'\"INVASION CYCLONE\"',3,NULL,2006,NULL),(469,'\"IRON MOON\"',4,NULL,2006,NULL),(470,'\"ISHTAR ROCKETEER\"',2,NULL,2006,NULL),(471,'\"ISLAND EXORCIST\"',4,NULL,2006,NULL),(472,'\"ITALIAN AFRICAN\"',16,NULL,2006,NULL),(473,'\"JACKET FRISCO\"',7,NULL,2006,NULL),(474,'\"JADE BUNCH\"',15,NULL,2006,NULL),(475,'\"JAPANESE RUN\"',11,NULL,2006,NULL),(476,'\"JASON TRAP\"',8,NULL,2006,NULL),(477,'\"JAWBREAKER BROOKLYN\"',12,NULL,2006,NULL),(478,'\"JAWS HARRY\"',5,NULL,2006,NULL),(479,'\"JEDI BENEATH\"',8,NULL,2006,NULL),(480,'\"JEEPERS WEDDING\"',4,NULL,2006,NULL),(481,'\"JEKYLL FROGMEN\"',13,NULL,2006,NULL),(482,'\"JEOPARDY ENCINO\"',4,NULL,2006,NULL),(483,'\"JERICHO MULAN\"',10,NULL,2006,NULL),(484,'\"JERK PAYCHECK\"',4,NULL,2006,NULL),(485,'\"JERSEY SASSY\"',3,NULL,2006,NULL),(486,'\"JET NEIGHBORS\"',9,NULL,2006,NULL),(487,'\"JINGLE SAGEBRUSH\"',4,NULL,2006,NULL),(488,'\"JOON NORTHWEST\"',15,NULL,2006,NULL),(489,'\"JUGGLER HARDLY\"',2,NULL,2006,NULL),(490,'\"JUMANJI BLADE\"',13,NULL,2006,NULL),(491,'\"JUMPING WRATH\"',3,NULL,2006,NULL),(492,'\"JUNGLE CLOSER\"',13,NULL,2006,NULL),(493,'\"KANE EXORCIST\"',9,NULL,2006,NULL),(494,'\"KARATE MOON\"',11,NULL,2006,NULL),(495,'\"KENTUCKIAN GIANT\"',11,NULL,2006,NULL),(496,'\"KICK SAVANNAH\"',16,NULL,2006,NULL),(497,'\"KILL BROTHERHOOD\"',6,NULL,2006,NULL),(498,'\"KILLER INNOCENT\"',8,NULL,2006,NULL),(499,'\"KING EVOLUTION\"',8,NULL,2006,NULL),(500,'\"KISS GLORY\"',9,NULL,2006,NULL),(501,'\"KISSING DOLLS\"',1,NULL,2006,NULL),(502,'\"KNOCK WARLOCK\"',5,NULL,2006,NULL),(503,'\"KRAMER CHOCOLATE\"',15,NULL,2006,NULL),(504,'\"KWAI HOMEWARD\"',7,NULL,2006,NULL),(505,'\"LABYRINTH LEAGUE\"',3,NULL,2006,NULL),(506,'\"LADY STAGE\"',11,NULL,2006,NULL),(507,'\"LADYBUGS ARMAGEDDON\"',10,NULL,2006,NULL),(508,'\"LAMBS CINCINATTI\"',10,NULL,2006,NULL),(509,'\"LANGUAGE COWBOY\"',3,NULL,2006,NULL),(510,'\"LAWLESS VISION\"',2,NULL,2006,NULL),(511,'\"LAWRENCE LOVE\"',1,NULL,2006,NULL),(512,'\"LEAGUE HELLFIGHTERS\"',4,NULL,2006,NULL),(513,'\"LEATHERNECKS DWARFS\"',16,NULL,2006,NULL),(514,'\"LEBOWSKI SOLDIERS\"',7,NULL,2006,NULL),(515,'\"LEGALLY SECRETARY\"',3,NULL,2006,NULL),(516,'\"LEGEND JEDI\"',12,NULL,2006,NULL),(517,'\"LESSON CLEOPATRA\"',15,NULL,2006,NULL),(518,'\"LIAISONS SWEET\"',16,NULL,2006,NULL),(519,'\"LIBERTY MAGNIFICENT\"',15,NULL,2006,NULL),(520,'\"LICENSE WEEKEND\"',14,NULL,2006,NULL),(521,'\"LIES TREATMENT\"',7,NULL,2006,NULL),(522,'\"LIFE TWISTED\"',5,NULL,2006,NULL),(523,'\"LIGHTS DEER\"',4,NULL,2006,NULL),(524,'\"LION UNCUT\"',5,NULL,2006,NULL),(525,'\"LOATHING LEGALLY\"',4,NULL,2006,NULL),(526,'\"LOCK REAR\"',16,NULL,2006,NULL),(527,'\"LOLA AGENT\"',11,NULL,2006,NULL),(528,'\"LOLITA WORLD\"',8,NULL,2006,NULL),(529,'\"LONELY ELEPHANT\"',5,NULL,2006,NULL),(530,'\"LORD ARIZONA\"',1,NULL,2006,NULL),(531,'\"LOSE INCH\"',9,NULL,2006,NULL),(532,'\"LOSER HUSTLER\"',15,NULL,2006,NULL),(533,'\"LOST BIRD\"',9,NULL,2006,NULL),(534,'\"LOUISIANA HARRY\"',8,NULL,2006,NULL),(535,'\"LOVE SUICIDES\"',11,NULL,2006,NULL),(536,'\"LOVELY JINGLE\"',4,NULL,2006,NULL),(537,'\"LOVER TRUMAN\"',4,NULL,2006,NULL),(538,'\"LOVERBOY ATTACKS\"',13,NULL,2006,NULL),(539,'\"LUCK OPUS\"',7,NULL,2006,NULL),(540,'\"LUCKY FLYING\"',12,NULL,2006,NULL),(541,'\"LUKE MUMMY\"',2,NULL,2006,NULL),(542,'\"LUST LOCK\"',1,NULL,2006,NULL),(543,'\"MADIGAN DORADO\"',16,NULL,2006,NULL),(544,'\"MADISON TRAP\"',6,NULL,2006,NULL),(545,'\"MADNESS ATTACKS\"',9,NULL,2006,NULL),(546,'\"MADRE GABLES\"',10,NULL,2006,NULL),(547,'\"MAGIC MALLRATS\"',3,NULL,2006,NULL),(548,'\"MAGNIFICENT CHITTY\"',4,NULL,2006,NULL),(549,'\"MAGNOLIA FORRESTER\"',1,NULL,2006,NULL),(550,'\"MAGUIRE APACHE\"',8,NULL,2006,NULL),(551,'\"MAIDEN HOME\"',13,NULL,2006,NULL),(552,'\"MAJESTIC FLOATS\"',6,NULL,2006,NULL),(553,'\"MAKER GABLES\"',3,NULL,2006,NULL),(554,'\"MALKOVICH PET\"',4,NULL,2006,NULL),(555,'\"MALLRATS UNITED\"',5,NULL,2006,NULL),(556,'\"MALTESE HOPE\"',10,NULL,2006,NULL),(557,'\"MANCHURIAN CURTAIN\"',8,NULL,2006,NULL),(558,'\"MANNEQUIN WORST\"',13,NULL,2006,NULL),(559,'\"MARRIED GO\"',14,NULL,2006,NULL),(560,'\"MARS ROMAN\"',10,NULL,2006,NULL),(561,'\"MASK PEACH\"',13,NULL,2006,NULL),(562,'\"MASKED BUBBLE\"',12,NULL,2006,NULL),(563,'\"MASSACRE USUAL\"',10,NULL,2006,NULL),(564,'\"MASSAGE IMAGE\"',2,NULL,2006,NULL),(565,'\"MATRIX SNOWMAN\"',9,NULL,2006,NULL),(566,'\"MAUDE MOD\"',9,NULL,2006,NULL),(567,'\"MEET CHOCOLATE\"',9,NULL,2006,NULL),(568,'\"MEMENTO ZOOLANDER\"',5,NULL,2006,NULL),(569,'\"MENAGERIE RUSHMORE\"',2,NULL,2006,NULL),(570,'\"MERMAID INSECTS\"',15,NULL,2006,NULL),(571,'\"METAL ARMAGEDDON\"',6,NULL,2006,NULL),(572,'\"METROPOLIS COMA\"',14,NULL,2006,NULL),(573,'\"MICROCOSMOS PARADISE\"',3,NULL,2006,NULL),(574,'\"MIDNIGHT WESTWARD\"',1,NULL,2006,NULL),(575,'\"MIDSUMMER GROUNDHOG\"',6,NULL,2006,NULL),(576,'\"MIGHTY LUCK\"',6,NULL,2006,NULL),(577,'\"MILE MULAN\"',15,NULL,2006,NULL),(578,'\"MILLION ACE\"',4,NULL,2006,NULL),(579,'\"MINDS TRUMAN\"',1,NULL,2006,NULL),(580,'\"MINE TITANS\"',13,NULL,2006,NULL),(581,'\"MINORITY KISS\"',12,NULL,2006,NULL),(582,'\"MIRACLE VIRTUAL\"',2,NULL,2006,NULL),(583,'\"MISSION ZOOLANDER\"',2,NULL,2006,NULL),(584,'\"MIXED DOORS\"',9,NULL,2006,NULL),(585,'\"MOB DUFFEL\"',7,NULL,2006,NULL),(586,'\"MOCKINGBIRD HOLLYWOOD\"',1,NULL,2006,NULL),(587,'\"MOD SECRETARY\"',6,NULL,2006,NULL),(588,'\"MODEL FISH\"',3,NULL,2006,NULL),(589,'\"MODERN DORADO\"',6,NULL,2006,NULL),(590,'\"MONEY HAROLD\"',13,NULL,2006,NULL),(591,'\"MONSOON CAUSE\"',10,NULL,2006,NULL),(592,'\"MONSTER SPARTACUS\"',12,NULL,2006,NULL),(593,'\"MONTEREY LABYRINTH\"',11,NULL,2006,NULL),(594,'\"MONTEZUMA COMMAND\"',1,NULL,2006,NULL),(595,'\"MOON BUNCH\"',9,NULL,2006,NULL),(596,'\"MOONSHINE CABIN\"',10,NULL,2006,NULL),(597,'\"MOONWALKER FOOL\"',10,NULL,2006,NULL),(598,'\"MOSQUITO ARMAGEDDON\"',15,NULL,2006,NULL),(599,'\"MOTHER OLEANDER\"',15,NULL,2006,NULL),(600,'\"MOTIONS DETAILS\"',11,NULL,2006,NULL),(601,'\"MOULIN WAKE\"',16,NULL,2006,NULL),(602,'\"MOURNING PURPLE\"',14,NULL,2006,NULL),(603,'\"MOVIE SHAKESPEARE\"',8,NULL,2006,NULL),(604,'\"MULAN MOON\"',5,NULL,2006,NULL),(605,'\"MULHOLLAND BEAST\"',9,NULL,2006,NULL),(606,'\"MUMMY CREATURES\"',15,NULL,2006,NULL),(607,'\"MUPPET MILE\"',9,NULL,2006,NULL),(608,'\"MURDER ANTITRUST\"',3,NULL,2006,NULL),(609,'\"MUSCLE BRIGHT\"',16,NULL,2006,NULL),(610,'\"MUSIC BOONDOCK\"',8,NULL,2006,NULL),(611,'\"MUSKETEERS WAIT\"',4,NULL,2006,NULL),(612,'\"MUSSOLINI SPOILERS\"',15,NULL,2006,NULL),(613,'\"MYSTIC TRUMAN\"',5,NULL,2006,NULL),(614,'\"NAME DETECTIVE\"',10,NULL,2006,NULL),(615,'\"NASH CHOCOLAT\"',2,NULL,2006,NULL),(616,'\"NATIONAL STORY\"',6,NULL,2006,NULL),(617,'\"NATURAL STOCK\"',8,NULL,2006,NULL),(618,'\"NECKLACE OUTBREAK\"',7,NULL,2006,NULL),(619,'\"NEIGHBORS CHARADE\"',15,NULL,2006,NULL),(620,'\"NEMO CAMPUS\"',14,NULL,2006,NULL),(621,'\"NETWORK PEAK\"',8,NULL,2006,NULL),(622,'\"NEWSIES STORY\"',6,NULL,2006,NULL),(623,'\"NEWTON LABYRINTH\"',9,NULL,2006,NULL),(624,'\"NIGHTMARE CHILL\"',10,NULL,2006,NULL),(625,'\"NONE SPIKING\"',14,NULL,2006,NULL),(626,'\"NOON PAPI\"',3,NULL,2006,NULL),(627,'\"NORTH TEQUILA\"',6,NULL,2006,NULL),(628,'\"NORTHWEST POLISH\"',15,NULL,2006,NULL),(629,'\"NOTORIOUS REUNION\"',6,NULL,2006,NULL),(630,'\"NOTTING SPEAKEASY\"',7,NULL,2006,NULL),(631,'\"NOVOCAINE FLIGHT\"',15,NULL,2006,NULL),(632,'\"NUTS TIES\"',13,NULL,2006,NULL),(633,'\"OCTOBER SUBMARINE\"',4,NULL,2006,NULL),(634,'\"ODDS BOOGIE\"',8,NULL,2006,NULL),(635,'\"OKLAHOMA JUMANJI\"',13,NULL,2006,NULL),(636,'\"OLEANDER CLUE\"',12,NULL,2006,NULL),(637,'\"OPEN AFRICAN\"',14,NULL,2006,NULL),(638,'\"OPERATION OPERATION\"',5,NULL,2006,NULL),(639,'\"OPPOSITE NECKLACE\"',8,NULL,2006,NULL),(640,'\"OPUS ICE\"',9,NULL,2006,NULL),(641,'\"ORANGE GRAPES\"',9,NULL,2006,NULL),(642,'\"ORDER BETRAYED\"',16,NULL,2006,NULL),(643,'\"ORIENT CLOSER\"',7,NULL,2006,NULL),(644,'\"OSCAR GOLD\"',2,NULL,2006,NULL),(645,'\"OTHERS SOUP\"',16,NULL,2006,NULL),(646,'\"OUTBREAK DIVINE\"',10,NULL,2006,NULL),(647,'\"OUTFIELD MASSACRE\"',12,NULL,2006,NULL),(648,'\"OUTLAW HANKY\"',16,NULL,2006,NULL),(649,'\"OZ LIAISONS\"',2,NULL,2006,NULL),(650,'\"PACIFIC AMISTAD\"',6,NULL,2006,NULL),(651,'\"PACKER MADIGAN\"',2,NULL,2006,NULL),(652,'\"PAJAMA JAWBREAKER\"',4,NULL,2006,NULL),(653,'\"PANIC CLUB\"',11,NULL,2006,NULL),(654,'\"PANKY SUBMARINE\"',10,NULL,2006,NULL),(655,'\"PANTHER REDS\"',14,NULL,2006,NULL),(656,'\"PAPI NECKLACE\"',16,NULL,2006,NULL),(657,'\"PARADISE SABRINA\"',5,NULL,2006,NULL),(658,'\"PARIS WEEKEND\"',11,NULL,2006,NULL),(659,'\"PARK CITIZEN\"',1,NULL,2006,NULL),(660,'\"PARTY KNOCK\"',5,NULL,2006,NULL),(661,'\"PAST SUICIDES\"',9,NULL,2006,NULL),(662,'\"PATHS CONTROL\"',7,NULL,2006,NULL),(663,'\"PATIENT SISTER\"',4,NULL,2006,NULL),(664,'\"PATRIOT ROMAN\"',1,NULL,2006,NULL),(665,'\"PATTON INTERVIEW\"',11,NULL,2006,NULL),(666,'\"PAYCHECK WAIT\"',7,NULL,2006,NULL),(667,'\"PEACH INNOCENT\"',15,NULL,2006,NULL),(668,'\"PEAK FOREVER\"',15,NULL,2006,NULL),(669,'\"PEARL DESTINY\"',9,NULL,2006,NULL),(670,'\"PELICAN COMFORTS\"',6,NULL,2006,NULL),(671,'\"PERDITION FARGO\"',15,NULL,2006,NULL),(672,'\"PERFECT GROOVE\"',5,NULL,2006,NULL),(673,'\"PERSONAL LADYBUGS\"',12,NULL,2006,NULL),(674,'\"PET HAUNTING\"',9,NULL,2006,NULL),(675,'\"PHANTOM GLORY\"',13,NULL,2006,NULL),(676,'\"PHILADELPHIA WIFE\"',15,NULL,2006,NULL),(677,'\"PIANIST OUTFIELD\"',13,NULL,2006,NULL),(678,'\"PICKUP DRIVING\"',15,NULL,2006,NULL),(679,'\"PILOT HOOSIERS\"',8,NULL,2006,NULL),(680,'\"PINOCCHIO SIMON\"',5,NULL,2006,NULL),(681,'\"PIRATES ROXANNE\"',15,NULL,2006,NULL),(682,'\"PITTSBURGH HUNCHBACK\"',8,NULL,2006,NULL),(683,'\"PITY BOUND\"',7,NULL,2006,NULL),(684,'\"PIZZA JUMANJI\"',10,NULL,2006,NULL),(685,'\"PLATOON INSTINCT\"',13,NULL,2006,NULL),(686,'\"PLUTO OLEANDER\"',13,NULL,2006,NULL),(687,'\"POCUS PULP\"',6,NULL,2006,NULL),(688,'\"POLISH BROOKLYN\"',3,NULL,2006,NULL),(689,'\"POLLOCK DELIVERANCE\"',9,NULL,2006,NULL),(690,'\"POND SEATTLE\"',2,NULL,2006,NULL),(691,'\"POSEIDON FOREVER\"',15,NULL,2006,NULL),(692,'\"POTLUCK MIXED\"',2,NULL,2006,NULL),(693,'\"POTTER CONNECTICUT\"',2,NULL,2006,NULL),(694,'\"PREJUDICE OLEANDER\"',4,NULL,2006,NULL),(695,'\"PRESIDENT BANG\"',8,NULL,2006,NULL),(696,'\"PRIDE ALAMO\"',2,NULL,2006,NULL),(697,'\"PRIMARY GLASS\"',1,NULL,2006,NULL),(698,'\"PRINCESS GIANT\"',6,NULL,2006,NULL),(699,'\"PRIVATE DROP\"',10,NULL,2006,NULL),(700,'\"PRIX UNDEFEATED\"',8,NULL,2006,NULL),(701,'\"PSYCHO SHRUNK\"',10,NULL,2006,NULL),(702,'\"PULP BEVERLY\"',11,NULL,2006,NULL),(703,'\"PUNK DIVORCE\"',2,NULL,2006,NULL),(704,'\"PURE RUNNER\"',5,NULL,2006,NULL),(705,'\"PURPLE MOVIE\"',9,NULL,2006,NULL),(706,'\"QUEEN LUKE\"',7,NULL,2006,NULL),(707,'\"QUEST MUSSOLINI\"',1,NULL,2006,NULL),(708,'\"QUILLS BULL\"',6,NULL,2006,NULL),(709,'\"RACER EGG\"',7,NULL,2006,NULL),(710,'\"RAGE GAMES\"',8,NULL,2006,NULL),(711,'\"RAGING AIRPLANE\"',14,NULL,2006,NULL),(712,'\"RAIDERS ANTITRUST\"',6,NULL,2006,NULL),(713,'\"RAINBOW SHOCK\"',6,NULL,2006,NULL),(714,'\"RANDOM GO\"',14,NULL,2006,NULL),(715,'\"RANGE MOONWALKER\"',8,NULL,2006,NULL),(716,'\"REAP UNFAITHFUL\"',11,NULL,2006,NULL),(717,'\"REAR TRADING\"',1,NULL,2006,NULL),(718,'\"REBEL AIRPORT\"',12,NULL,2006,NULL),(719,'\"RECORDS ZORRO\"',15,NULL,2006,NULL),(720,'\"REDEMPTION COMFORTS\"',13,NULL,2006,NULL),(721,'\"REDS POCUS\"',12,NULL,2006,NULL),(722,'\"REEF SALUTE\"',11,NULL,2006,NULL),(723,'\"REIGN GENTLEMEN\"',14,NULL,2006,NULL),(724,'\"REMEMBER DIARY\"',8,NULL,2006,NULL),(725,'\"REQUIEM TYCOON\"',4,NULL,2006,NULL),(726,'\"RESERVOIR ADAPTATION\"',9,NULL,2006,NULL),(727,'\"RESURRECTION SILVERADO\"',8,NULL,2006,NULL),(728,'\"REUNION WITCHES\"',7,NULL,2006,NULL),(729,'\"RIDER CADDYSHACK\"',15,NULL,2006,NULL),(730,'\"RIDGEMONT SUBMARINE\"',13,NULL,2006,NULL),(731,'\"RIGHT CRANES\"',4,NULL,2006,NULL),(732,'\"RINGS HEARTBREAKERS\"',1,NULL,2006,NULL),(733,'\"RIVER OUTLAW\"',15,NULL,2006,NULL),(734,'\"ROAD ROXANNE\"',6,NULL,2006,NULL),(735,'\"ROBBERS JOON\"',3,NULL,2006,NULL),(736,'\"ROBBERY BRIGHT\"',8,NULL,2006,NULL),(737,'\"ROCK INSTINCT\"',11,NULL,2006,NULL),(738,'\"ROCKETEER MOTHER\"',9,NULL,2006,NULL),(739,'\"ROCKY WAR\"',7,NULL,2006,NULL),(740,'\"ROLLERCOASTER BRINGING\"',11,NULL,2006,NULL),(741,'\"ROMAN PUNK\"',12,NULL,2006,NULL),(742,'\"ROOF CHAMPION\"',10,NULL,2006,NULL),(743,'\"ROOM ROMAN\"',2,NULL,2006,NULL),(744,'\"ROOTS REMEMBER\"',4,NULL,2006,NULL),(745,'\"ROSES TREASURE\"',15,NULL,2006,NULL),(746,'\"ROUGE SQUAD\"',10,NULL,2006,NULL),(747,'\"ROXANNE REBEL\"',10,NULL,2006,NULL),(748,'\"RUGRATS SHAKESPEARE\"',1,NULL,2006,NULL),(749,'\"RULES HUMAN\"',11,NULL,2006,NULL),(750,'\"RUN PACIFIC\"',13,NULL,2006,NULL),(751,'\"RUNAWAY TENENBAUMS\"',13,NULL,2006,NULL),(752,'\"RUNNER MADIGAN\"',12,NULL,2006,NULL),(753,'\"RUSH GOODFELLAS\"',8,NULL,2006,NULL),(754,'\"RUSHMORE MERMAID\"',5,NULL,2006,NULL),(755,'\"SABRINA MIDNIGHT\"',3,NULL,2006,NULL),(756,'\"SADDLE ANTITRUST\"',5,NULL,2006,NULL),(757,'\"SAGEBRUSH CLUELESS\"',6,NULL,2006,NULL),(758,'\"SAINTS BRIDE\"',7,NULL,2006,NULL),(759,'\"SALUTE APOLLO\"',13,NULL,2006,NULL),(760,'\"SAMURAI LION\"',13,NULL,2006,NULL),(761,'\"SANTA PARIS\"',3,NULL,2006,NULL),(762,'\"SASSY PACKER\"',10,NULL,2006,NULL),(763,'\"SATISFACTION CONFIDENTIAL\"',15,NULL,2006,NULL),(764,'\"SATURDAY LAMBS\"',15,NULL,2006,NULL),(765,'\"SATURN NAME\"',5,NULL,2006,NULL),(766,'\"SAVANNAH TOWN\"',7,NULL,2006,NULL),(767,'\"SCALAWAG DUCK\"',12,NULL,2006,NULL),(768,'\"SCARFACE BANG\"',3,NULL,2006,NULL),(769,'\"SCHOOL JACKET\"',9,NULL,2006,NULL),(770,'\"SCISSORHANDS SLUMS\"',9,NULL,2006,NULL),(771,'\"SCORPION APOLLO\"',7,NULL,2006,NULL),(772,'\"SEA VIRGIN\"',7,NULL,2006,NULL),(773,'\"SEABISCUIT PUNK\"',15,NULL,2006,NULL),(774,'\"SEARCHERS WAIT\"',5,NULL,2006,NULL),(775,'\"SEATTLE EXPECATIONS\"',7,NULL,2006,NULL),(776,'\"SECRET GROUNDHOG\"',6,NULL,2006,NULL),(777,'\"SECRETARY ROUGE\"',15,NULL,2006,NULL),(778,'\"SECRETS PARADISE\"',8,NULL,2006,NULL),(779,'\"SENSE GREEK\"',15,NULL,2006,NULL),(780,'\"SENSIBILITY REAR\"',8,NULL,2006,NULL),(781,'\"SEVEN SWARM\"',10,NULL,2006,NULL),(782,'\"SHAKESPEARE SADDLE\"',15,NULL,2006,NULL),(783,'\"SHANE DARKNESS\"',16,NULL,2006,NULL),(784,'\"SHANGHAI TYCOON\"',16,NULL,2006,NULL),(785,'\"SHAWSHANK BUBBLE\"',16,NULL,2006,NULL),(786,'\"SHEPHERD MIDSUMMER\"',3,NULL,2006,NULL),(787,'\"SHINING ROSES\"',16,NULL,2006,NULL),(788,'\"SHIP WONDERLAND\"',6,NULL,2006,NULL),(789,'\"SHOCK CABIN\"',9,NULL,2006,NULL),(790,'\"SHOOTIST SUPERFLY\"',7,NULL,2006,NULL),(791,'\"SHOW LORD\"',6,NULL,2006,NULL),(792,'\"SHREK LICENSE\"',9,NULL,2006,NULL),(793,'\"SHRUNK DIVINE\"',1,NULL,2006,NULL),(794,'\"SIDE ARK\"',1,NULL,2006,NULL),(795,'\"SIEGE MADRE\"',8,NULL,2006,NULL),(796,'\"SIERRA DIVIDE\"',15,NULL,2006,NULL),(797,'\"SILENCE KANE\"',12,NULL,2006,NULL),(798,'\"SILVERADO GOLDFINGER\"',14,NULL,2006,NULL),(799,'\"SIMON NORTH\"',11,NULL,2006,NULL),(800,'\"SINNERS ATLANTIS\"',11,NULL,2006,NULL),(801,'\"SISTER FREDDY\"',3,NULL,2006,NULL),(802,'\"SKY MIRACLE\"',1,NULL,2006,NULL),(803,'\"SLACKER LIAISONS\"',7,NULL,2006,NULL),(804,'\"SLEEPING SUSPECTS\"',11,NULL,2006,NULL),(805,'\"SLEEPLESS MONSOON\"',2,NULL,2006,NULL),(806,'\"SLEEPY JAPANESE\"',13,NULL,2006,NULL),(807,'\"SLEUTH ORIENT\"',10,NULL,2006,NULL),(808,'\"SLING LUKE\"',4,NULL,2006,NULL),(809,'\"SLIPPER FIDELITY\"',15,NULL,2006,NULL),(810,'\"SLUMS DUCK\"',8,NULL,2006,NULL),(811,'\"SMILE EARRING\"',16,NULL,2006,NULL),(812,'\"SMOKING BARBARELLA\"',6,NULL,2006,NULL),(813,'\"SMOOCHY CONTROL\"',15,NULL,2006,NULL),(814,'\"SNATCH SLIPPER\"',5,NULL,2006,NULL),(815,'\"SNATCHERS MONTEZUMA\"',4,NULL,2006,NULL),(816,'\"SNOWMAN ROLLERCOASTER\"',2,NULL,2006,NULL),(817,'\"SOLDIERS EVOLUTION\"',14,NULL,2006,NULL),(818,'\"SOMETHING DUCK\"',7,NULL,2006,NULL),(819,'\"SONG HEDWIG\"',12,NULL,2006,NULL),(820,'\"SONS INTERVIEW\"',2,NULL,2006,NULL),(821,'\"SORORITY QUEEN\"',9,NULL,2006,NULL),(822,'\"SOUP WISDOM\"',8,NULL,2006,NULL),(823,'\"SOUTH WAIT\"',1,NULL,2006,NULL),(824,'\"SPARTACUS CHEAPER\"',8,NULL,2006,NULL),(825,'\"SPEAKEASY DATE\"',1,NULL,2006,NULL),(826,'\"SPEED SUIT\"',16,NULL,2006,NULL),(827,'\"SPICE SORORITY\"',7,NULL,2006,NULL),(828,'\"SPIKING ELEMENT\"',4,NULL,2006,NULL),(829,'\"SPINAL ROCKY\"',8,NULL,2006,NULL),(830,'\"SPIRIT FLINTSTONES\"',11,NULL,2006,NULL),(831,'\"SPIRITED CASUALTIES\"',14,NULL,2006,NULL),(832,'\"SPLASH GUMP\"',8,NULL,2006,NULL),(833,'\"SPLENDOR PATTON\"',3,NULL,2006,NULL),(834,'\"SPOILERS HELLFIGHTERS\"',6,NULL,2006,NULL),(835,'\"SPY MILE\"',10,NULL,2006,NULL),(836,'\"SQUAD FISH\"',15,NULL,2006,NULL),(837,'\"STAGE WORLD\"',5,NULL,2006,NULL),(838,'\"STAGECOACH ARMAGEDDON\"',1,NULL,2006,NULL),(839,'\"STALLION SUNDANCE\"',14,NULL,2006,NULL),(840,'\"STAMPEDE DISTURBING\"',10,NULL,2006,NULL),(841,'\"STAR OPERATION\"',15,NULL,2006,NULL),(842,'\"STATE WASTELAND\"',10,NULL,2006,NULL),(843,'\"STEEL SANTA\"',4,NULL,2006,NULL),(844,'\"STEERS ARMAGEDDON\"',15,NULL,2006,NULL),(845,'\"STEPMOM DREAM\"',9,NULL,2006,NULL),(846,'\"STING PERSONAL\"',13,NULL,2006,NULL),(847,'\"STOCK GLASS\"',13,NULL,2006,NULL),(848,'\"STONE FIRE\"',16,NULL,2006,NULL),(849,'\"STORM HAPPINESS\"',2,NULL,2006,NULL),(850,'\"STORY SIDE\"',1,NULL,2006,NULL),(851,'\"STRAIGHT HOURS\"',15,NULL,2006,NULL),(852,'\"STRANGELOVE DESIRE\"',3,NULL,2006,NULL),(853,'\"STRANGER STRANGERS\"',3,NULL,2006,NULL),(854,'\"STRANGERS GRAFFITI\"',11,NULL,2006,NULL),(855,'\"STREAK RIDGEMONT\"',6,NULL,2006,NULL),(856,'\"STREETCAR INTENTIONS\"',11,NULL,2006,NULL),(857,'\"STRICTLY SCARFACE\"',5,NULL,2006,NULL),(858,'\"SUBMARINE BED\"',5,NULL,2006,NULL),(859,'\"SUGAR WONKA\"',2,NULL,2006,NULL),(860,'\"SUICIDES SILENCE\"',14,NULL,2006,NULL),(861,'\"SUIT WALLS\"',10,NULL,2006,NULL),(862,'\"SUMMER SCARFACE\"',4,NULL,2006,NULL),(863,'\"SUN CONFESSIONS\"',14,NULL,2006,NULL),(864,'\"SUNDANCE INVASION\"',3,NULL,2006,NULL),(865,'\"SUNRISE LEAGUE\"',2,NULL,2006,NULL),(866,'\"SUNSET RACER\"',8,NULL,2006,NULL),(867,'\"SUPER WYOMING\"',8,NULL,2006,NULL),(868,'\"SUPERFLY TRIP\"',16,NULL,2006,NULL),(869,'\"SUSPECTS QUILLS\"',1,NULL,2006,NULL),(870,'\"SWARM GOLD\"',11,NULL,2006,NULL),(871,'\"SWEDEN SHINING\"',5,NULL,2006,NULL),(872,'\"SWEET BROTHERHOOD\"',16,NULL,2006,NULL),(873,'\"SWEETHEARTS SUSPECTS\"',3,NULL,2006,NULL),(874,'\"TADPOLE PARK\"',4,NULL,2006,NULL),(875,'\"TALENTED HOMICIDE\"',15,NULL,2006,NULL),(876,'\"TARZAN VIDEOTAPE\"',11,NULL,2006,NULL),(877,'\"TAXI KICK\"',12,NULL,2006,NULL),(878,'\"TEEN APOLLO\"',16,NULL,2006,NULL),(879,'\"TELEGRAPH VOYAGE\"',12,NULL,2006,NULL),(880,'\"TELEMARK HEARTBREAKERS\"',2,NULL,2006,NULL),(881,'\"TEMPLE ATTRACTION\"',11,NULL,2006,NULL),(882,'\"TENENBAUMS COMMAND\"',7,NULL,2006,NULL),(883,'\"TEQUILA PAST\"',3,NULL,2006,NULL),(884,'\"TERMINATOR CLUB\"',12,NULL,2006,NULL),(885,'\"TEXAS WATCH\"',11,NULL,2006,NULL),(886,'\"THEORY MERMAID\"',2,NULL,2006,NULL),(887,'\"THIEF PELICAN\"',2,NULL,2006,NULL),(888,'\"THIN SAGEBRUSH\"',6,NULL,2006,NULL),(889,'\"TIES HUNGER\"',3,NULL,2006,NULL),(890,'\"TIGHTS DAWN\"',15,NULL,2006,NULL),(891,'\"TIMBERLAND SKY\"',4,NULL,2006,NULL),(892,'\"TITANIC BOONDOCK\"',2,NULL,2006,NULL),(893,'\"TITANS JERK\"',14,NULL,2006,NULL),(894,'\"TOMATOES HELLFIGHTERS\"',16,NULL,2006,NULL),(895,'\"TOMORROW HUSTLER\"',4,NULL,2006,NULL),(896,'\"TOOTSIE PILOT\"',3,NULL,2006,NULL),(897,'\"TORQUE BOUND\"',7,NULL,2006,NULL),(898,'\"TOURIST PELICAN\"',15,NULL,2006,NULL),(899,'\"TOWERS HURRICANE\"',4,NULL,2006,NULL),(900,'\"TOWN ARK\"',9,NULL,2006,NULL),(901,'\"TRACY CIDER\"',2,NULL,2006,NULL),(902,'\"TRADING PINOCCHIO\"',15,NULL,2006,NULL),(903,'\"TRAFFIC HOBBIT\"',16,NULL,2006,NULL),(904,'\"TRAIN BUNCH\"',11,NULL,2006,NULL),(905,'\"TRAINSPOTTING STRANGERS\"',5,NULL,2006,NULL),(906,'\"TRAMP OTHERS\"',5,NULL,2006,NULL),(907,'\"TRANSLATION SUMMER\"',7,NULL,2006,NULL),(908,'\"TRAP GUYS\"',9,NULL,2006,NULL),(909,'\"TREASURE COMMAND\"',11,NULL,2006,NULL),(910,'\"TREATMENT JEKYLL\"',7,NULL,2006,NULL),(911,'\"TRIP NEWTON\"',1,NULL,2006,NULL),(912,'\"TROJAN TOMORROW\"',14,NULL,2006,NULL),(913,'\"TROOPERS METAL\"',13,NULL,2006,NULL),(914,'\"TROUBLE DATE\"',16,NULL,2006,NULL),(915,'\"TRUMAN CRAZY\"',1,NULL,2006,NULL),(916,'\"TURN STAR\"',2,NULL,2006,NULL),(917,'\"TUXEDO MILE\"',15,NULL,2006,NULL),(918,'\"TWISTED PIRATES\"',3,NULL,2006,NULL),(919,'\"TYCOON GATHERING\"',10,NULL,2006,NULL),(920,'\"UNBREAKABLE KARATE\"',13,NULL,2006,NULL),(921,'\"UNCUT SUICIDES\"',12,NULL,2006,NULL),(922,'\"UNDEFEATED DALMATIONS\"',11,NULL,2006,NULL),(923,'\"UNFAITHFUL KILL\"',7,NULL,2006,NULL),(924,'\"UNFORGIVEN ZOOLANDER\"',14,NULL,2006,NULL),(925,'\"UNITED PILOT\"',6,NULL,2006,NULL),(926,'\"UNTOUCHABLES SUNRISE\"',6,NULL,2006,NULL),(927,'\"UPRISING UPTOWN\"',1,NULL,2006,NULL),(928,'\"UPTOWN YOUNG\"',3,NULL,2006,NULL),(929,'\"USUAL UNTOUCHABLES\"',9,NULL,2006,NULL),(930,'\"VACATION BOONDOCK\"',14,NULL,2006,NULL),(931,'\"VALENTINE VANISHING\"',16,NULL,2006,NULL),(932,'\"VALLEY PACKER\"',5,NULL,2006,NULL),(933,'\"VAMPIRE WHALE\"',13,NULL,2006,NULL),(934,'\"VANILLA DAY\"',10,NULL,2006,NULL),(935,'\"VANISHED GARDEN\"',13,NULL,2006,NULL),(936,'\"VANISHING ROCKY\"',12,NULL,2006,NULL),(937,'\"VARSITY TRIP\"',13,NULL,2006,NULL),(938,'\"VELVET TERMINATOR\"',5,NULL,2006,NULL),(939,'\"VERTIGO NORTHWEST\"',5,NULL,2006,NULL),(940,'\"VICTORY ACADEMY\"',15,NULL,2006,NULL),(941,'\"VIDEOTAPE ARSENIC\"',10,NULL,2006,NULL),(942,'\"VIETNAM SMOOCHY\"',7,NULL,2006,NULL),(943,'\"VILLAIN DESPERATE\"',6,NULL,2006,NULL),(944,'\"VIRGIN DAISY\"',7,NULL,2006,NULL),(945,'\"VIRGINIAN PLUTO\"',6,NULL,2006,NULL),(946,'\"VIRTUAL SPOILERS\"',8,NULL,2006,NULL),(947,'\"VISION TORQUE\"',9,NULL,2006,NULL),(948,'\"VOICE PEACH\"',13,NULL,2006,NULL),(949,'\"VOLCANO TEXAS\"',10,NULL,2006,NULL),(950,'\"VOLUME HOUSE\"',4,NULL,2006,NULL),(951,'\"VOYAGE LEGALLY\"',4,NULL,2006,NULL),(952,'\"WAGON JAWS\"',6,NULL,2006,NULL),(953,'\"WAIT CIDER\"',2,NULL,2006,NULL),(954,'\"WAKE JAWS\"',13,NULL,2006,NULL),(955,'\"WALLS ARTIST\"',3,NULL,2006,NULL),(956,'\"WANDA CHAMBER\"',10,NULL,2006,NULL),(957,'\"WAR NOTTING\"',9,NULL,2006,NULL),(958,'\"WARDROBE PHANTOM\"',7,NULL,2006,NULL),(959,'\"WARLOCK WEREWOLF\"',3,NULL,2006,NULL),(960,'\"WARS PLUTO\"',6,NULL,2006,NULL),(961,'\"WASH HEAVENLY\"',9,NULL,2006,NULL),(962,'\"WASTELAND DIVINE\"',4,NULL,2006,NULL),(963,'\"WATCH TRACY\"',2,NULL,2006,NULL),(964,'\"WATERFRONT DELIVERANCE\"',1,NULL,2006,NULL),(965,'\"WATERSHIP FRONTIER\"',11,NULL,2006,NULL),(966,'\"WEDDING APOLLO\"',6,NULL,2006,NULL),(967,'\"WEEKEND PERSONAL\"',14,NULL,2006,NULL),(968,'\"WEREWOLF LOLA\"',1,NULL,2006,NULL),(969,'\"WEST LION\"',7,NULL,2006,NULL),(970,'\"WESTWARD SEABISCUIT\"',4,NULL,2006,NULL),(971,'\"WHALE BIKINI\"',9,NULL,2006,NULL),(972,'\"WHISPERER GIANT\"',14,NULL,2006,NULL),(973,'\"WIFE TURN\"',6,NULL,2006,NULL),(974,'\"WILD APOLLO\"',13,NULL,2006,NULL),(975,'\"WILLOW TRACY\"',8,NULL,2006,NULL),(976,'\"WIND PHANTOM\"',10,NULL,2006,NULL),(977,'\"WINDOW SIDE\"',16,NULL,2006,NULL),(978,'\"WISDOM WORKER\"',5,NULL,2006,NULL),(979,'\"WITCHES PANIC\"',7,NULL,2006,NULL),(980,'\"WIZARD COLDBLOODED\"',12,NULL,2006,NULL),(981,'\"WOLVES DESIRE\"',16,NULL,2006,NULL),(982,'\"WOMEN DORADO\"',1,NULL,2006,NULL),(983,'\"WON DARES\"',12,NULL,2006,NULL),(984,'\"WONDERFUL DROP\"',9,NULL,2006,NULL),(985,'\"WONDERLAND CHRISTMAS\"',14,NULL,2006,NULL),(986,'\"WONKA SEA\"',2,NULL,2006,NULL),(987,'\"WORDS HUNTER\"',12,NULL,2006,NULL),(988,'\"WORKER TARZAN\"',16,NULL,2006,NULL),(989,'\"WORKING MICROCOSMOS\"',16,NULL,2006,NULL),(990,'\"WORLD LEATHERNECKS\"',11,NULL,2006,NULL),(991,'\"WORST BANGER\"',1,NULL,2006,NULL),(992,'\"WRATH MILE\"',6,NULL,2006,NULL),(993,'\"WRONG BEHAVIOR\"',3,NULL,2006,NULL),(994,'\"WYOMING STORM\"',13,NULL,2006,NULL),(995,'\"YENTL IDAHO\"',11,NULL,2006,NULL),(996,'\"YOUNG LANGUAGE\"',6,NULL,2006,NULL),(997,'\"YOUTH KICK\"',12,NULL,2006,NULL),(998,'\"ZHIVAGO CORE\"',11,NULL,2006,NULL),(999,'\"ZOOLANDER FICTION\"',3,NULL,2006,NULL),(1000,'\"ZORRO ARK\"',5,NULL,2006,NULL),(1001,'\"BRONCO BILLY\"',1,6.1,1980,25),(1002,'\"INDIANA JONES AND THE RAIDERS OF THE LOST ARK\"',1,8.4,1981,1),(1003,'\"THE EVIL DEAD\"',11,7.5,1981,14),(1004,'\"BLADE RUNNER\"',1,8.1,1982,10),(1005,'\"E.T. THE EXTRA-TERRESTRIAL\"',8,7.8,1982,1),(1006,'\"FIREFOX\"',1,6,1982,25),(1007,'\"NIGHT SHIFT\"',5,6.6,1982,13),(1008,'\"HONKYTONK MAN\"',5,6.6,1982,25),(1009,'\"SUDDEN IMPACT\"',1,6.6,1983,25),(1010,'\"THE TERMINATOR\"',1,8,1984,2),(1011,'\"INDIANA JONES AND THE TEMPLE OF DOOM\"',1,7.5,1984,1),(1012,'\"ROMANCING THE STONE\"',1,6.9,1984,11),(1013,'\"SPLASH\"',5,6.3,1984,13),(1014,'\"BACK TO THE FUTURE\"',17,8.5,1985,11),(1015,'\"COCOON\"',5,6.7,1985,13),(1016,'\"LEGEND\"',17,6.4,1985,10),(1017,'\"PALE RIDER\"',7,7.3,1985,25),(1018,'\"THE COLOR PURPLE\"',7,7.8,1985,1),(1019,'\"PEE-WEE\'S BIG ADVENTURE\"',17,7,1985,9),(1020,'\"CRIMEWAVE\"',5,5.7,1985,14),(1021,'\"ALIENS\"',1,8.3,1986,2),(1022,'\"HEARTBREAK RIDGE\"',7,6.9,1986,25),(1023,'\"GUNG HO\"',5,6.3,1986,13),(1024,'\"ADVENTURES IN BABYSITTING\"',17,6.9,1987,15),(1025,'\"EMPIRE OF THE SUN\"',1,7.7,1987,1),(1026,'\"EVIL DEAD II\"',5,7.7,1987,14),(1027,'\"SOMEONE TO WATCH OVER ME\"',18,6.1,1987,10),(1028,'\"BEETLEJUICE\"',5,7.5,1988,9),(1029,'\"WILLOW\"',1,7.3,1988,13),(1030,'\"WHO FRAMED ROGER RABBIT\"',2,7.7,1988,11),(1031,'\"BIRD\"',19,7.2,1988,25),(1032,'\"HEARTBREAK HOTEL\"',5,5.7,1988,15),(1033,'\"INDIANA JONES AND THE LAST CRUSADE\"',1,8.2,1989,1),(1034,'\"BATMAN\"',1,7.5,1989,9),(1035,'\"THE ABYSS\"',17,7.5,1989,2),(1036,'\"BACK TO THE FUTURE PART II\"',17,7.8,1989,11),(1037,'\"PARENTHOOD\"',5,7,1989,13),(1038,'\"ALWAYS\"',7,6.4,1989,1),(1039,'\"BLACK RAIN\"',1,6.6,1989,10),(1040,'\"HOME ALONE\"',5,7.6,1990,15),(1041,'\"EDWARD SCISSORHANDS\"',7,7.9,1990,9),(1042,'\"BACK TO THE FUTURE PART III\"',17,7.4,1990,11),(1043,'\"DARKMAN\"',1,6.4,1990,14),(1044,'\"THE ROOKIE\"',1,5.9,1990,25),(1045,'\"WHITE HUNTER BLACK HEART\"',17,6.6,1990,25),(1046,'\"TERMINATOR 2: JUDGMENT DAY\"',1,8.5,1991,2),(1047,'\"HOOK\"',17,6.8,1991,1),(1048,'\"THELMA & LOUISE\"',17,7.5,1991,10),(1049,'\"BACKDRAFT\"',1,6.7,1991,13),(1050,'\"ONLY THE LONELY\"',5,6.4,1991,15),(1051,'\"UNFORGIVEN\"',7,8.2,1992,25),(1052,'\"BATMAN RETURNS\"',1,7,1992,9),(1053,'\"DEATH BECOMES HER\"',5,6.6,1992,11),(1054,'\"FAR AND AWAY\"',17,6.6,1992,13),(1055,'\"ARMY OF DARKNESS\"',5,7.5,1992,14),(1056,'\"UNIVERSAL SOLDIER\"',1,6,1992,16),(1057,'\"HOME ALONE 2: LOST IN NEW YORK\"',17,6.8,1992,15),(1058,'\"DEAD ALIVE\"',5,7.5,1992,4),(1059,'\"1492: CONQUEST OF PARADISE\"',17,6.5,1992,10),(1060,'\"JURASSIC PARK\"',1,8.1,1993,1),(1061,'\"SCHINDLER\'S LIST\"',19,8.9,1993,1),(1062,'\"MRS. DOUBTFIRE\"',5,7,1993,15),(1063,'\"A PERFECT WORLD\"',18,7.5,1993,25),(1064,'\"FORREST GUMP\"',7,8.8,1994,11),(1065,'\"TRUE LIES\"',1,7.2,1994,2),(1066,'\"STARGATE\"',1,7.1,1994,16),(1067,'\"HEAVENLY CREATURES\"',19,7.3,1994,4),(1068,'\"ED WOOD\"',19,7.8,1994,9),(1069,'\"THE PAPER\"',5,6.6,1994,13),(1070,'\"APOLLO 13\"',17,7.6,1995,13),(1071,'\"THE USUAL SUSPECTS\"',18,8.5,1995,19),(1072,'\"BAD BOYS\"',1,6.9,1995,5),(1073,'\"THE QUICK AND THE DEAD\"',1,6.4,1995,14),(1074,'\"THE BRIDGES OF MADISON COUNTY\"',7,7.6,1995,25),(1075,'\"NINE MONTHS\"',5,5.5,1995,15),(1076,'\"INDEPENDENCE DAY\"',1,7,1996,16),(1077,'\"THE ROCK\"',1,7.4,1996,5),(1078,'\"MARS ATTACKS!\"',5,6.3,1996,9),(1079,'\"THE FRIGHTENERS\"',5,7.1,1996,4),(1080,'\"WHITE SQUALL\"',17,6.6,1996,10),(1081,'\"RANSOM\"',1,6.7,1996,13),(1082,'\"TITANIC\"',7,7.8,1997,2),(1083,'\"CONTACT\"',7,7.5,1997,11),(1084,'\"THE LOST WORLD: JURASSIC PARK\"',1,6.6,1997,1),(1085,'\"MIDNIGHT IN THE GARDEN OF GOOD AND EVIL\"',18,6.6,1997,25),(1086,'\"G.I. JANE\"',1,6,1997,10),(1087,'\"AMISTAD\"',19,7.3,1997,1),(1088,'\"MOUSEHUNT\"',5,6.5,1997,21),(1089,'\"ABSOLUTE POWER\"',1,6.7,1997,25),(1090,'\"SAVING PRIVATE RYAN\"',7,8.6,1998,1),(1091,'\"ARMAGEDDON\"',1,6.7,1998,5),(1092,'\"GODZILLA\"',1,5.4,1998,16),(1093,'\"STEPMOM\"',5,6.8,1998,15),(1094,'\"A SIMPLE PLAN\"',18,7.5,1998,14),(1095,'\"FOLLOWING\"',18,7.5,1998,7),(1096,'\"APT PUPIL\"',18,6.7,1998,19),(1097,'\"WIDE AWAKE\"',5,5.9,1998,30),(1098,'\"STAR WARS: EPISODE I - THE PHANTOM MENACE\"',1,6.5,1999,22),(1099,'\"THE SIXTH SENSE\"',7,8.1,1999,30),(1100,'\"SLEEPY HOLLOW\"',20,7.3,1999,9),(1101,'\"THE IRON GIANT\"',2,8,1999,23),(1102,'\"FOR LOVE OF THE GAME\"',7,6.6,1999,14),(1103,'\"BICENTENNIAL MAN\"',5,6.9,1999,15),(1104,'\"TRUE CRIME\"',18,6.6,1999,25),(1105,'\"EDTV\"',5,6.1,1999,13),(1106,'\"GLADIATOR\"',1,8.5,2000,10),(1107,'\"MEMENTO\"',21,8.4,2000,7),(1108,'\"CAST AWAY\"',17,7.8,2000,11),(1109,'\"X-MEN\"',1,7.4,2000,19),(1110,'\"SPACE COWBOYS\"',1,6.4,2000,25),(1111,'\"THE PATRIOT\"',1,7.2,2000,16),(1112,'\"UNBREAKABLE\"',7,7.3,2000,30),(1113,'\"ROAD TRIP\"',5,6.4,2000,27),(1114,'\"WHAT LIES BENEATH\"',7,6.6,2000,11),(1115,'\"HOW THE GRINCH STOLE CHRISTMAS\"',5,6.2,2000,13),(1116,'\"THE GIFT\"',7,6.7,2000,14),(1117,'\"HARRY POTTER AND THE SORCERER\'S STONE\"',17,7.6,2001,15),(1118,'\"THE LORD OF THE RINGS: THE FELLOWSHIP OF THE RING\"',1,8.8,2001,4),(1119,'\"BLACK HAWK DOWN\"',7,7.7,2001,10),(1120,'\"A BEAUTIFUL MIND\"',19,8.2,2001,13),(1121,'\"PEARL HARBOR\"',1,6.2,2001,5),(1122,'\"A.I. ARTIFICIAL INTELLIGENCE\"',7,7.2,2001,1),(1123,'\"HANNIBAL\"',18,6.8,2001,10),(1124,'\"PLANET OF THE APES\"',1,5.7,2001,9),(1125,'\"THE MEXICAN\"',17,6.1,2001,21),(1126,'\"MADE\"',5,6.4,2001,12),(1127,'\"SPIDER-MAN\"',1,7.3,2002,14),(1128,'\"HARRY POTTER AND THE CHAMBER OF SECRETS\"',17,7.4,2002,15),(1129,'\"THE LORD OF THE RINGS: THE TWO TOWERS\"',1,8.7,2002,4),(1130,'\"CATCH ME IF YOU CAN\"',19,8.1,2002,1),(1131,'\"THE RING\"',11,7.1,2002,21),(1132,'\"SIGNS\"',7,6.7,2002,30),(1133,'\"STAR WARS: EPISODE II - ATTACK OF THE CLONES\"',1,6.5,2002,22),(1134,'\"MINORITY REPORT\"',1,7.6,2002,1),(1135,'\"INSOMNIA\"',7,7.2,2002,7),(1136,'\"BLOOD WORK\"',1,6.4,2002,25),(1137,'\"PIRATES OF THE CARIBBEAN: THE CURSE OF THE BLACK PEARL\"',1,8,2003,21),(1138,'\"THE LORD OF THE RINGS: THE RETURN OF THE KING\"',1,8.9,2003,4),(1139,'\"OLD SCHOOL\"',5,7.1,2003,27),(1140,'\"MYSTIC RIVER\"',18,7.9,2003,25),(1141,'\"BIG FISH\"',17,8,2003,9),(1142,'\"THE MISSING\"',17,6.5,2003,13),(1143,'\"X2: X-MEN UNITED\"',1,7.4,2003,19),(1144,'\"BAD BOYS II\"',1,6.6,2003,5),(1145,'\"ELF\"',17,7,2003,12),(1146,'\"MATCHSTICK MEN\"',5,7.3,2003,10),(1147,'\"THE TERMINAL\"',5,7.4,2004,1),(1148,'\"THE INCREDIBLES\"',2,8,2004,23),(1149,'\"SAW\"',11,7.6,2004,18),(1150,'\"SPIDER-MAN 2\"',1,7.3,2004,14),(1151,'\"MILLION DOLLAR BABY\"',7,8.1,2004,25),(1152,'\"THE VILLAGE\"',7,6.5,2004,30),(1153,'\"THE DAY AFTER TOMORROW\"',1,6.4,2004,16),(1154,'\"DAWN OF THE DEAD\"',1,7.3,2004,28),(1155,'\"STARSKY & HUTCH\"',5,6.1,2004,27),(1156,'\"THE POLAR EXPRESS\"',2,6.6,2004,11),(1157,'\"BATMAN BEGINS\"',1,8.2,2005,7),(1158,'\"CHARLIE AND THE CHOCOLATE FACTORY\"',17,6.6,2005,9),(1159,'\"WAR OF THE WORLDS\"',17,6.5,2005,1),(1160,'\"KINGDOM OF HEAVEN\"',1,7.2,2005,10),(1161,'\"CONSTANTINE\"',1,7,2005,24),(1162,'\"STAR WARS: EPISODE III - REVENGE OF THE SITH\"',1,7.5,2005,22),(1163,'\"KING KONG\"',1,7.2,2005,4),(1164,'\"THE ISLAND\"',1,6.8,2005,5),(1165,'\"MUNICH\"',1,7.5,2005,1),(1166,'\"RENT\"',7,6.9,2005,15),(1167,'\"ZATHURA: A SPACE ADVENTURE\"',1,6.2,2005,12),(1168,'\"CINDERELLA MAN\"',19,8,2005,13),(1169,'\"CORPSE BRIDE\"',2,7.3,2005,9),(1170,'\"THE WEATHER MAN\"',5,6.5,2005,21),(1171,'\"THE PRESTIGE\"',7,8.5,2006,7),(1172,'\"300\"',1,7.6,2006,28),(1173,'\"PIRATES OF THE CARIBBEAN: DEAD MAN\'S CHEST\"',1,7.3,2006,21),(1174,'\"THE DA VINCI CODE\"',21,6.6,2006,13),(1175,'\"MISSION: IMPOSSIBLE III\"',1,6.9,2006,8),(1176,'\"SUPERMAN RETURNS\"',1,6,2006,19),(1177,'\"LADY IN THE WATER\"',7,5.5,2006,30),(1178,'\"A GOOD YEAR\"',5,7,2006,10),(1179,'\"LETTERS FROM IWO JIMA\"',1,7.9,2006,25),(1180,'\"FLAGS OF OUR FATHERS\"',1,7.1,2006,25),(1181,'\"TRANSFORMERS\"',1,7,2007,5),(1182,'\"HARRY POTTER AND THE ORDER OF THE PHOENIX\"',1,7.5,2007,6),(1183,'\"RATATOUILLE\"',2,8,2007,23),(1184,'\"AMERICAN GANGSTER\"',19,7.8,2007,10),(1185,'\"SPIDER-MAN 3\"',1,6.2,2007,14),(1186,'\"PIRATES OF THE CARIBBEAN: AT WORLD\'S END\"',1,7.1,2007,21),(1187,'\"I AM LEGEND\"',1,7.2,2007,24),(1188,'\"SWEENEY TODD: THE DEMON BARBER OF FLEET STREET\"',7,7.3,2007,9),(1189,'\"BEOWULF\"',2,6.2,2007,11),(1190,'\"DEAD SILENCE\"',11,6.2,2007,18),(1191,'\"DEATH SENTENCE\"',1,6.7,2007,18),(1192,'\"THE DARK KNIGHT\"',1,9,2008,7),(1193,'\"IRON MAN\"',1,7.9,2008,12),(1194,'\"INDIANA JONES AND THE KINGDOM OF THE CRYSTAL SKULL\"',1,6.1,2008,1),(1195,'\"GRAN TORINO\"',7,8.1,2008,25),(1196,'\"THE HAPPENING\"',7,5,2008,30),(1197,'\"CHANGELING\"',19,7.7,2008,25),(1198,'\"VALKYRIE\"',7,7.1,2008,19),(1199,'\"BODY OF LIES\"',1,7.1,2008,10),(1200,'\"FROST/NIXON\"',19,7.7,2008,13),(1201,'\"STAR TREK\"',1,7.9,2009,8),(1202,'\"AVATAR\"',1,7.8,2009,2),(1203,'\"WATCHMEN\"',1,7.6,2009,28),(1204,'\"THE HANGOVER\"',5,7.7,2009,27),(1205,'\"HARRY POTTER AND THE HALF-BLOOD PRINCE\"',1,7.6,2009,6),(1206,'\"2012\"',1,5.8,2009,16),(1207,'\"THE LOVELY BONES\"',7,6.7,2009,4),(1208,'\"TRANSFORMERS: REVENGE OF THE FALLEN\"',1,6,2009,5),(1209,'\"ANGELS & DEMONS\"',1,6.7,2009,13),(1210,'\"DRAG ME TO HELL\"',11,6.5,2009,14),(1211,'\"INVICTUS\"',19,7.3,2009,25),(1212,'\"A CHRISTMAS CAROL\"',2,6.8,2009,11),(1213,'\"INCEPTION\"',1,8.8,2010,7),(1214,'\"IRON MAN 2\"',1,7,2010,12),(1215,'\"HARRY POTTER AND THE DEATHLY HALLOWS: PART 1\"',17,7.7,2010,6),(1216,'\"ROBIN HOOD\"',1,6.6,2010,10),(1217,'\"INSIDIOUS\"',11,6.8,2010,18),(1218,'\"THE LAST AIRBENDER\"',1,4,2010,30),(1219,'\"ALICE IN WONDERLAND\"',17,6.4,2010,9),(1220,'\"DESPICABLE ME\"',2,7.6,2010,20),(1221,'\"PERCY JACKSON & THE OLYMPIANS: THE LIGHTNING THIEF\"',17,5.9,2010,15),(1222,'\"DUE DATE\"',5,6.5,2010,27),(1223,'\"HEREAFTER\"',7,6.4,2010,25),(1224,'\"LEGEND OF THE GUARDIANS: THE OWLS OF GA\'HOOLE\"',2,6.9,2010,28),(1225,'\"HARRY POTTER AND THE DEATHLY HALLOWS: PART 2\"',17,8.1,2011,6),(1226,'\"SUCKER PUNCH\"',1,6,2011,28),(1227,'\"MISSION: IMPOSSIBLE - GHOST PROTOCOL\"',1,7.4,2011,23),(1228,'\"SUPER 8\"',21,7,2011,8),(1229,'\"TRANSFORMERS: DARK OF THE MOON\"',1,6.2,2011,5),(1230,'\"COWBOYS & ALIENS\"',1,6,2011,12),(1231,'\"RANGO\"',2,7.2,2011,21),(1232,'\"WAR HORSE\"',1,7.2,2011,1),(1233,'\"THE ADVENTURES OF TINTIN\"',2,7.3,2011,1),(1234,'\"THE HANGOVER PART II\"',5,6.4,2011,27),(1235,'\"J. EDGAR\"',19,6.5,2011,25),(1236,'\"WATER FOR ELEPHANTS\"',7,6.9,2011,24),(1237,'\"ANONYMOUS\"',7,6.9,2011,16),(1238,'\"THE DILEMMA\"',5,5.3,2011,13),(1239,'\"THE HOBBIT: AN UNEXPECTED JOURNEY\"',17,7.8,2012,4),(1240,'\"THE DARK KNIGHT RISES\"',1,8.4,2012,7),(1241,'\"PROMETHEUS\"',17,7,2012,10),(1242,'\"FLIGHT\"',7,7.3,2012,11),(1243,'\"LINCOLN\"',19,7.3,2012,1),(1244,'\"DARK SHADOWS\"',5,6.2,2012,9),(1245,'\"THE LORAX\"',2,6.4,2012,26),(1246,'\"FRANKENWEENIE\"',2,6.9,2012,9),(1247,'\"THE CONJURING\"',11,7.5,2013,18),(1248,'\"THE HOBBIT: THE DESOLATION OF SMAUG\"',17,7.8,2013,4),(1249,'\"MAN OF STEEL\"',1,7,2013,28),(1250,'\"RUSH\"',1,8.1,2013,13),(1251,'\"STAR TREK INTO DARKNESS\"',1,7.7,2013,8),(1252,'\"THE HUNGER GAMES: CATCHING FIRE\"',1,7.5,2013,24),(1253,'\"WHITE HOUSE DOWN\"',1,6.3,2013,16),(1254,'\"OZ THE GREAT AND POWERFUL\"',17,6.3,2013,14),(1255,'\"PAIN & GAIN\"',1,6.4,2013,5),(1256,'\"DESPICABLE ME 2\"',2,7.3,2013,20),(1257,'\"THE COUNSELOR\"',18,5.3,2013,10),(1258,'\"THE LONE RANGER\"',1,6.4,2013,21),(1259,'\"INSIDIOUS: CHAPTER 2\"',11,6.6,2013,18),(1260,'\"AFTER EARTH\"',1,4.8,2013,30),(1261,'\"THE HANGOVER PART III\"',5,5.8,2013,27),(1262,'\"JACK THE GIANT SLAYER\"',17,6.2,2013,19),(1263,'\"INTERSTELLAR\"',17,8.6,2014,7),(1264,'\"CAPTAIN AMERICA: THE WINTER SOLDIER\"',1,7.7,2014,3),(1265,'\"THE HOBBIT: THE BATTLE OF THE FIVE ARMIES\"',17,7.4,2014,4),(1266,'\"CHEF\"',17,7.3,2014,12),(1267,'\"X-MEN: DAYS OF FUTURE PAST\"',1,7.9,2014,19),(1268,'\"AMERICAN SNIPER\"',1,7.3,2014,25),(1269,'\"THE HUNGER GAMES: MOCKINGJAY - PART 1\"',1,6.6,2014,24),(1270,'\"TRANSFORMERS: AGE OF EXTINCTION\"',1,5.6,2014,5),(1271,'\"EXODUS: GODS AND KINGS\"',1,6,2014,10),(1272,'\"CLOWN\"',11,5.7,2014,17),(1273,'\"BIG EYES\"',19,7,2014,9),(1274,'\"JERSEY BOYS\"',19,6.8,2014,25),(1275,'\"FURIOUS 7\"',1,7.1,2015,18),(1276,'\"THE MARTIAN\"',17,8,2015,10),(1277,'\"STAR WARS: EPISODE VII - THE FORCE AWAKENS\"',1,7.8,2015,8),(1278,'\"IN THE HEART OF THE SEA\"',1,6.9,2015,13),(1279,'\"THE HUNGER GAMES: MOCKINGJAY - PART 2\"',1,6.6,2015,24),(1280,'\"THE VISIT\"',11,6.2,2015,30),(1281,'\"MINIONS\"',2,6.4,2015,29),(1282,'\"TOMORROWLAND\"',1,6.4,2015,23),(1283,'\"BRIDGE OF SPIES\"',7,7.6,2015,1),(1284,'\"PIXELS\"',1,5.5,2015,15),(1285,'\"THE WALK\"',1,7.3,2015,11),(1286,'\"COP CAR\"',18,6.3,2015,17),(1287,'\"CAPTAIN AMERICA: CIVIL WAR\"',1,7.8,2016,3),(1288,'\"SPLIT\"',11,7.3,2016,30),(1289,'\"X-MEN: APOCALYPSE\"',1,6.9,2016,19),(1290,'\"THE CONJURING 2\"',11,7.3,2016,18),(1291,'\"13 HOURS\"',1,7.3,2016,5),(1292,'\"BATMAN V SUPERMAN: DAWN OF JUSTICE\"',1,6.4,2016,28),(1293,'\"INDEPENDENCE DAY: RESURGENCE\"',1,5.2,2016,16),(1294,'\"MISS PEREGRINE\'S HOME FOR PECULIAR CHILDREN\"',17,6.7,2016,9),(1295,'\"FANTASTIC BEASTS AND WHERE TO FIND THEM\"',17,7.3,2016,6),(1296,'\"WAR DOGS\"',19,7.1,2016,27),(1297,'\"THE LEGEND OF TARZAN\"',1,6.2,2016,6),(1298,'\"INFERNO\"',1,6.2,2016,13),(1299,'\"THE JUNGLE BOOK\"',17,7.4,2016,12),(1300,'\"ALLIED\"',1,7.1,2016,11),(1301,'\"SULLY\"',19,7.4,2016,25),(1302,'\"A CURE FOR WELLNESS\"',7,6.4,2016,21),(1303,'\"THE SECRET LIFE OF PETS\"',2,6.5,2016,26),(1304,'\"THE BFG\"',17,6.4,2016,1),(1305,'\"SPIDER-MAN: HOMECOMING\"',1,7.4,2017,17),(1306,'\"DUNKIRK\"',1,7.8,2017,7),(1307,'\"ALIEN: COVENANT\"',11,6.4,2017,10),(1308,'\"JUSTICE LEAGUE\"',1,6.1,2017,28),(1309,'\"TRANSFORMERS: THE LAST KNIGHT\"',1,5.2,2017,5),(1310,'\"THE POST\"',7,7.2,2017,1),(1311,'\"ALL THE MONEY IN THE WORLD\"',19,6.8,2017,10),(1312,'\"DESPICABLE ME 3\"',2,6.3,2017,29),(1313,'\"AVENGERS: INFINITY WAR\"',1,8.4,2018,3),(1314,'\"BOHEMIAN RHAPSODY\"',19,7.9,2018,19),(1315,'\"AQUAMAN\"',1,6.9,2018,18),(1316,'\"READY PLAYER ONE\"',1,7.4,2018,1),(1317,'\"SOLO: A STAR WARS STORY\"',1,6.9,2018,13),(1318,'\"RED SPARROW\"',1,6.6,2018,24),(1319,'\"INCREDIBLES 2\"',2,7.6,2018,23),(1320,'\"FANTASTIC BEASTS: THE CRIMES OF GRINDELWALD\"',17,6.5,2018,6),(1321,'\"THE MULE\"',18,7,2018,25),(1322,'\"WELCOME TO MARWEN\"',19,6.2,2018,11),(1323,'\"THE 15:17 TO PARIS\"',19,5.3,2018,25),(1324,'\"AVENGERS: ENDGAME\"',1,8.4,2019,3),(1325,'\"JOKER\"',18,8.4,2019,27),(1326,'\"SPIDER-MAN: FAR FROM HOME\"',1,7.5,2019,17),(1327,'\"STAR WARS: EPISODE IX - THE RISE OF SKYWALKER\"',1,6.5,2019,8),(1328,'\"GLASS\"',7,6.6,2019,30),(1329,'\"THE LION KING\"',2,6.9,2019,12),(1330,'\"THE SECRET LIFE OF PETS 2\"',2,6.5,2019,26),(1331,'\"DUMBO\"',17,6.3,2019,9),(1332,'\"TENET\"',1,7.4,2020,7);
/*!40000 ALTER TABLE `filmes` ENABLE KEYS */;
UNLOCK TABLES;

--
-- Table structure for table `genero`
--

DROP TABLE IF EXISTS `genero`;
/*!40101 SET @saved_cs_client     = @@character_set_client */;
/*!50503 SET character_set_client = utf8mb4 */;
CREATE TABLE `genero` (
  `idGenero` int NOT NULL AUTO_INCREMENT,
  `nomeGenero` varchar(20) NOT NULL,
  PRIMARY KEY (`idGenero`)
) ENGINE=InnoDB AUTO_INCREMENT=24 DEFAULT CHARSET=utf8mb4 COLLATE=utf8mb4_0900_ai_ci;
/*!40101 SET character_set_client = @saved_cs_client */;

--
-- Dumping data for table `genero`
--

LOCK TABLES `genero` WRITE;
/*!40000 ALTER TABLE `genero` DISABLE KEYS */;
INSERT INTO `genero` VALUES (1,'\"Action\"'),(2,'\"Animation\"'),(3,'\"Children\"'),(4,'\"Classics\"'),(5,'\"Comedy\"'),(6,'\"Documentary\"'),(7,'\"Drama\"'),(8,'\"Family\"'),(9,'\"Foreign\"'),(10,'\"Games\"'),(11,'\"Horror\"'),(12,'\"Music\"'),(13,'\"New\"'),(14,'\"Sci-Fi\"'),(15,'\"Sports\"'),(16,'\"Travel\"'),(17,'\"Adventure\"'),(18,'\"Crime\"'),(19,'\"Biography\"'),(20,'\"Fantasy\"'),(21,'\"Mystery\"');
/*!40000 ALTER TABLE `genero` ENABLE KEYS */;
UNLOCK TABLES;

--
-- Table structure for table `participacaofilme`
--

DROP TABLE IF EXISTS `participacaofilme`;
/*!40101 SET @saved_cs_client     = @@character_set_client */;
/*!50503 SET character_set_client = utf8mb4 */;
CREATE TABLE `participacaofilme` (
  `idAtor` int NOT NULL,
  `idFilme` int NOT NULL,
  PRIMARY KEY (`idAtor`,`idFilme`),
  KEY `idFilme` (`idFilme`),
  CONSTRAINT `participacaofilme_ibfk_1` FOREIGN KEY (`idAtor`) REFERENCES `ator` (`idAtor`),
  CONSTRAINT `participacaofilme_ibfk_2` FOREIGN KEY (`idFilme`) REFERENCES `filmes` (`idFilme`)
) ENGINE=InnoDB DEFAULT CHARSET=utf8mb4 COLLATE=utf8mb4_0900_ai_ci;
/*!40101 SET character_set_client = @saved_cs_client */;

--
-- Dumping data for table `participacaofilme`
--

LOCK TABLES `participacaofilme` WRITE;
/*!40000 ALTER TABLE `participacaofilme` DISABLE KEYS */;
INSERT INTO `participacaofilme` VALUES (1,1),(10,1),(20,1),(30,1),(40,1),(53,1),(108,1),(162,1),(188,1),(198,1),(19,2),(85,2),(90,2),(160,2),(2,3),(19,3),(24,3),(64,3),(123,3),(41,4),(81,4),(88,4),(147,4),(162,4),(51,5),(59,5),(103,5),(181,5),(200,5),(21,6),(23,6),(62,6),(108,6),(137,6),(169,6),(197,6),(99,7),(133,7),(162,7),(170,7),(185,7),(55,8),(96,8),(110,8),(138,8),(10,9),(22,9),(26,9),(53,9),(68,9),(108,9),(130,9),(175,9),(194,9),(29,10),(35,10),(37,10),(64,10),(117,10),(142,10),(157,10),(188,10),(40,11),(81,11),(90,11),(174,11),(37,12),(75,12),(105,12),(109,12),(146,12),(177,12),(180,12),(77,13),(91,13),(94,13),(114,13),(176,13),(28,14),(85,14),(137,14),(188,14),(36,15),(69,15),(105,15),(117,15),(164,15),(170,15),(12,16),(57,16),(146,16),(191,16),(192,16),(3,17),(12,17),(13,17),(82,17),(100,17),(160,17),(167,17),(187,17),(45,18),(142,18),(144,18),(162,18),(5,19),(27,19),(37,19),(43,19),(84,19),(104,19),(52,20),(102,20),(136,20),(139,20),(155,20),(159,20),(25,21),(26,21),(105,21),(119,21),(126,21),(77,22),(95,22),(122,22),(124,22),(1,23),(4,23),(22,23),(150,23),(164,23),(38,24),(42,24),(67,24),(157,24),(179,24),(1,25),(4,25),(7,25),(47,25),(91,25),(136,25),(166,25),(167,25),(187,25),(71,26),(128,26),(130,26),(7,27),(55,27),(99,27),(110,27),(140,27),(148,27),(154,27),(170,27),(179,27),(74,28),(162,28),(6,29),(13,29),(105,29),(122,29),(175,29),(187,29),(197,29),(9,30),(163,30),(178,30),(2,31),(15,31),(49,31),(60,31),(79,32),(158,32),(162,32),(168,32),(183,32),(79,33),(82,33),(136,33),(146,33),(162,33),(170,33),(180,33),(182,33),(12,34),(26,34),(27,34),(40,34),(57,34),(72,34),(75,34),(102,34),(112,34),(126,34),(157,34),(178,34),(7,35),(35,35),(95,35),(113,35),(118,35),(135,35),(139,35),(184,35),(47,36),(73,36),(96,36),(116,36),(127,36),(12,37),(64,37),(112,37),(130,37),(46,38),(166,38),(190,38),(65,39),(84,39),(104,39),(118,39),(145,39),(177,39),(191,39),(3,40),(77,40),(79,40),(96,40),(104,40),(181,40),(183,40),(118,41),(135,41),(162,41),(3,42),(23,42),(43,42),(62,42),(105,42),(117,42),(194,42),(28,43),(34,43),(123,43),(126,43),(130,43),(141,43),(160,43),(161,43),(189,43),(18,44),(74,44),(106,44),(193,44),(13,45),(68,45),(73,45),(163,45),(59,46),(65,46),(84,46),(2,47),(8,47),(89,47),(95,47),(127,47),(143,47),(153,47),(158,47),(58,48),(87,48),(91,48),(109,48),(116,48),(127,48),(131,48),(83,49),(115,49),(118,49),(119,49),(130,49),(171,49),(173,49),(200,49),(70,50),(46,51),(53,51),(73,51),(133,51),(187,51),(188,51),(35,52),(71,52),(83,52),(95,52),(115,52),(138,52),(177,52),(6,53),(30,53),(47,53),(70,53),(102,53),(149,53),(156,53),(5,54),(20,54),(59,54),(62,54),(96,54),(190,54),(66,55),(118,55),(166,55),(173,55),(177,55),(4,56),(22,56),(33,56),(43,56),(129,56),(136,56),(137,56),(168,56),(67,57),(120,57),(130,57),(139,57),(148,57),(172,57),(28,58),(44,58),(53,58),(83,58),(96,58),(126,58),(161,58),(81,59),(104,59),(152,59),(6,60),(41,60),(76,60),(94,60),(101,60),(111,61),(136,61),(138,61),(166,61),(174,61),(4,62),(107,62),(110,62),(125,62),(190,62),(20,63),(51,63),(56,63),(120,63),(150,63),(167,63),(197,63),(30,64),(119,64),(124,64),(153,64),(158,64),(196,64),(32,65),(45,65),(95,65),(135,65),(179,65),(45,66),(76,66),(96,66),(98,66),(101,66),(131,66),(158,66),(7,67),(47,67),(67,67),(123,67),(141,67),(144,67),(155,67),(175,67),(194,67),(199,67),(58,68),(76,68),(114,68),(166,68),(30,69),(41,69),(80,69),(192,69),(6,70),(104,70),(39,71),(93,71),(183,71),(59,72),(85,72),(98,72),(149,72),(165,72),(167,72),(39,73),(63,73),(77,73),(176,73),(187,73),(9,74),(28,74),(95,74),(139,74),(173,74),(181,74),(55,75),(150,75),(88,76),(94,76),(122,76),(187,76),(30,77),(73,77),(109,77),(140,77),(23,78),(77,78),(111,78),(169,78),(181,78),(4,79),(29,79),(127,79),(143,79),(144,79),(16,80),(173,80),(193,80),(200,80),(36,81),(98,81),(132,81),(128,82),(132,82),(159,82),(189,82),(24,83),(106,83),(122,83),(181,83),(18,84),(32,84),(44,84),(54,84),(99,84),(113,84),(191,84),(199,84),(5,85),(27,85),(60,85),(85,85),(101,85),(126,85),(147,85),(162,85),(179,85),(25,86),(41,86),(78,86),(166,86),(177,86),(194,86),(3,87),(4,87),(13,87),(16,87),(21,87),(30,87),(56,87),(64,87),(88,87),(98,87),(119,87),(184,87),(190,87),(21,88),(31,88),(44,88),(59,88),(64,88),(69,88),(116,88),(135,88),(194,88),(15,89),(22,89),(43,89),(81,89),(129,89),(161,89),(176,89),(26,90),(34,90),(92,90),(114,90),(116,90),(139,90),(144,90),(161,90),(12,91),(15,91),(12,92),(52,92),(70,92),(85,92),(168,92),(26,93),(169,93),(44,94),(92,94),(131,94),(150,94),(76,95),(149,95),(165,95),(185,95),(186,95),(7,96),(17,96),(28,96),(52,96),(126,96),(137,96),(65,97),(111,98),(125,98),(187,98),(194,98),(48,99),(144,99),(41,100),(62,100),(90,100),(125,100),(172,100),(16,101),(48,101),(57,101),(62,101),(129,101),(158,102),(170,102),(188,102),(26,103),(32,103),(51,103),(89,103),(92,103),(193,103),(82,104),(92,104),(2,105),(23,105),(29,105),(43,105),(116,105),(123,105),(144,105),(150,105),(1,106),(65,106),(124,106),(173,106),(12,107),(28,107),(40,107),(98,107),(130,107),(139,107),(142,107),(167,107),(15,108),(52,108),(106,108),(44,109),(53,109),(145,109),(178,109),(179,109),(193,109),(198,109),(13,110),(29,110),(83,110),(187,110),(3,111),(22,111),(38,111),(50,111),(69,111),(154,111),(188,111),(6,112),(24,112),(32,112),(33,112),(51,112),(107,112),(130,112),(140,112),(124,113),(183,113),(57,114),(125,114),(8,115),(45,115),(168,115),(23,116),(105,116),(113,116),(200,116),(23,117),(45,117),(65,117),(74,117),(89,117),(146,117),(192,117),(11,118),(37,118),(80,118),(100,118),(103,118),(149,118),(17,119),(34,119),(37,119),(58,119),(127,119),(128,119),(193,119),(83,120),(93,120),(98,120),(110,120),(131,120),(145,120),(161,120),(167,120),(16,121),(51,121),(59,121),(83,121),(158,121),(162,121),(200,121),(37,122),(53,122),(57,122),(76,122),(94,122),(157,122),(196,122),(92,123),(102,123),(144,123),(197,123),(17,124),(64,124),(80,124),(93,124),(102,124),(15,125),(23,125),(34,125),(65,125),(138,125),(144,125),(198,125),(24,126),(53,126),(95,126),(106,126),(110,126),(17,127),(144,127),(159,127),(187,127),(40,128),(58,128),(88,128),(116,128),(155,128),(54,129),(59,129),(62,129),(175,129),(195,129),(197,129),(59,130),(103,130),(144,130),(195,130),(29,131),(147,131),(151,131),(179,131),(2,132),(134,132),(29,133),(60,133),(68,133),(107,133),(132,133),(133,133),(148,133),(48,134),(57,134),(63,134),(96,134),(33,135),(58,135),(83,135),(140,135),(144,135),(194,135),(32,136),(104,136),(106,136),(107,136),(118,136),(153,136),(86,137),(92,137),(108,137),(107,138),(185,138),(42,139),(142,139),(147,139),(149,139),(170,139),(1,140),(20,140),(79,141),(118,141),(121,141),(127,141),(143,141),(154,141),(193,141),(195,141),(21,142),(60,142),(66,143),(75,143),(82,143),(97,143),(119,143),(13,144),(18,144),(19,144),(57,144),(67,144),(72,144),(120,144),(151,144),(180,144),(195,144),(2,145),(134,145),(147,145),(199,145),(5,146),(20,146),(22,146),(31,146),(37,146),(101,146),(149,146),(165,146),(166,146),(171,146),(178,146),(184,146),(188,146),(9,147),(26,147),(43,147),(131,147),(197,147),(9,148),(24,148),(73,148),(85,148),(123,148),(164,148),(172,148),(120,149),(148,149),(200,149),(27,150),(41,150),(48,150),(54,150),(176,150),(49,151),(112,151),(118,151),(123,151),(19,152),(181,152),(25,153),(51,153),(57,153),(77,153),(94,153),(149,153),(152,153),(155,153),(13,154),(14,154),(17,154),(33,154),(121,154),(145,154),(173,154),(12,155),(16,155),(139,155),(145,155),(156,155),(175,155),(192,155),(104,156),(110,156),(132,156),(196,156),(87,157),(109,157),(122,157),(127,157),(138,157),(8,158),(65,158),(105,158),(122,158),(154,158),(21,159),(41,159),(149,159),(157,159),(179,159),(199,159),(38,160),(137,160),(178,160),(182,160),(43,161),(68,161),(87,161),(121,161),(134,161),(194,161),(13,162),(89,162),(107,162),(111,162),(114,162),(132,162),(173,162),(176,162),(31,163),(40,163),(86,163),(194,163),(6,164),(24,164),(31,164),(45,164),(48,164),(144,164),(162,164),(178,164),(193,164),(197,164),(6,165),(20,165),(83,165),(107,165),(1,166),(106,166),(122,166),(129,166),(163,166),(171,166),(192,166),(63,167),(117,167),(151,167),(39,168),(128,168),(150,168),(174,168),(187,168),(149,169),(154,169),(164,169),(184,169),(196,169),(7,170),(75,170),(88,170),(121,170),(135,170),(139,170),(151,170),(154,170),(5,171),(36,171),(119,171),(189,171),(5,172),(18,172),(27,172),(29,172),(34,172),(47,172),(107,172),(119,172),(133,172),(7,173),(112,173),(119,173),(190,173),(46,174),(109,174),(58,175),(80,175),(84,175),(125,175),(143,175),(177,175),(38,176),(44,176),(91,176),(12,177),(16,177),(40,177),(60,177),(97,177),(146,177),(158,177),(24,178),(50,178),(81,178),(117,178),(147,178),(149,178),(158,178),(8,179),(21,179),(25,179),(60,179),(111,179),(192,179),(43,180),(153,180),(163,180),(170,180),(53,181),(91,181),(113,181),(139,181),(171,181),(19,182),(34,182),(89,182),(59,183),(98,183),(157,183),(54,184),(104,184),(144,184),(170,184),(3,185),(74,185),(123,185),(140,185),(191,185),(26,186),(60,186),(81,186),(121,186),(142,186),(198,186),(14,187),(45,187),(76,187),(89,187),(159,187),(186,187),(31,188),(82,188),(97,188),(112,188),(114,188),(125,188),(141,188),(149,188),(158,188),(161,188),(168,188),(173,188),(177,188),(101,189),(106,189),(197,189),(91,190),(109,190),(117,190),(124,190),(150,190),(175,190),(9,191),(10,191),(141,191),(146,191),(167,191),(175,191),(57,192),(74,192),(6,193),(88,193),(94,193),(126,193),(136,193),(149,193),(154,193),(179,193),(24,194),(41,194),(81,194),(98,194),(102,194),(106,194),(111,194),(114,194),(126,194),(178,194),(8,195),(49,195),(180,195),(181,195),(86,196),(168,196),(32,197),(55,197),(64,197),(90,197),(97,197),(103,197),(117,197),(146,197),(178,197),(45,198),(62,198),(104,198),(121,198),(156,198),(17,199),(24,199),(32,199),(58,199),(87,199),(103,199),(126,199),(142,199),(9,200),(102,200),(139,200),(17,201),(26,201),(35,201),(5,202),(69,202),(70,202),(127,202),(129,202),(5,203),(13,203),(39,203),(41,203),(52,203),(74,203),(153,203),(9,204),(25,204),(37,204),(106,204),(125,204),(165,204),(8,205),(11,205),(68,205),(79,205),(102,205),(94,206),(103,206),(131,206),(150,206),(159,206),(188,206),(49,207),(66,207),(80,207),(87,207),(92,207),(95,207),(141,207),(146,207),(12,208),(19,208),(63,208),(108,208),(120,208),(130,208),(154,208),(159,208),(168,208),(186,208),(96,209),(107,209),(59,210),(114,210),(133,210),(157,210),(48,211),(62,211),(19,212),(23,212),(41,212),(80,212),(89,212),(90,212),(98,212),(128,212),(170,212),(12,213),(25,213),(57,213),(68,213),(33,214),(136,214),(138,214),(192,214),(68,215),(81,215),(103,215),(158,215),(172,215),(194,215),(12,216),(85,216),(86,216),(144,216),(199,216),(7,217),(19,217),(83,217),(151,217),(152,217),(157,217),(7,218),(16,218),(113,218),(146,218),(32,219),(45,219),(81,219),(108,219),(134,219),(171,219),(191,219),(107,220),(121,220),(155,220),(16,221),(103,221),(184,221),(39,222),(60,222),(75,222),(121,222),(187,222),(38,223),(40,223),(76,223),(123,223),(141,223),(159,223),(188,223),(77,224),(117,224),(137,224),(187,224),(7,225),(26,225),(63,225),(2,226),(23,226),(25,226),(29,226),(56,226),(66,226),(148,226),(70,227),(122,227),(94,228),(144,228),(186,228),(66,229),(92,229),(106,229),(136,229),(139,229),(41,230),(66,230),(79,230),(129,230),(20,231),(36,231),(62,231),(112,231),(120,231),(153,231),(14,232),(81,232),(143,232),(151,232),(194,232),(40,233),(47,233),(71,233),(104,233),(139,233),(150,233),(181,233),(76,234),(88,234),(123,234),(190,234),(23,235),(58,235),(60,235),(61,235),(173,235),(177,235),(10,236),(15,236),(17,236),(56,236),(69,236),(61,237),(72,237),(114,237),(168,237),(177,237),(186,237),(84,238),(120,238),(122,238),(125,238),(128,238),(176,238),(43,239),(60,239),(78,239),(105,239),(107,239),(143,239),(163,239),(77,240),(14,241),(26,241),(38,241),(59,241),(106,241),(158,241),(168,241),(24,242),(44,242),(58,242),(67,242),(79,242),(82,242),(108,242),(160,242),(12,243),(20,243),(50,243),(58,243),(109,243),(134,243),(136,243),(145,243),(197,243),(34,244),(67,244),(96,244),(156,244),(25,245),(36,245),(48,245),(73,245),(77,245),(95,245),(115,245),(123,245),(115,246),(117,246),(123,246),(124,246),(169,246),(82,247),(83,247),(129,247),(161,247),(50,248),(63,248),(142,248),(152,248),(159,248),(169,248),(2,249),(41,249),(52,249),(63,249),(70,249),(72,249),(83,249),(86,249),(113,249),(129,249),(137,249),(155,249),(197,249),(49,250),(87,250),(99,250),(100,250),(101,250),(125,250),(134,250),(179,250),(10,251),(76,251),(147,251),(33,252),(41,252),(164,252),(176,252),(14,253),(21,253),(37,253),(60,253),(87,253),(165,253),(190,253),(13,254),(23,254),(46,254),(58,254),(89,254),(114,254),(137,254),(147,254),(8,255),(14,255),(68,255),(101,255),(120,255),(166,255),(168,255),(6,256),(24,256),(35,256),(53,256),(67,256),(97,256),(126,256),(136,256),(14,258),(57,258),(113,258),(138,258),(140,258),(180,258),(197,258),(28,259),(104,259),(30,260),(37,260),(78,260),(80,260),(81,260),(124,260),(144,260),(77,261),(78,261),(139,261),(30,262),(60,262),(79,262),(80,262),(90,262),(136,262),(139,262),(156,262),(198,262),(8,263),(28,263),(74,263),(83,263),(101,263),(124,263),(126,263),(137,263),(156,263),(198,264),(78,265),(185,265),(19,266),(89,266),(123,266),(139,266),(189,266),(16,267),(48,267),(57,267),(79,267),(81,267),(160,267),(18,268),(53,268),(81,268),(83,268),(102,268),(137,268),(16,269),(20,269),(79,269),(135,269),(161,269),(94,270),(133,270),(150,270),(16,271),(103,271),(136,271),(62,272),(144,272),(189,272),(27,273),(29,273),(44,273),(47,273),(117,273),(171,273),(178,273),(20,274),(38,274),(50,274),(154,274),(162,274),(15,275),(73,275),(94,275),(101,275),(160,275),(43,276),(65,276),(154,276),(196,276),(1,277),(24,277),(37,277),(107,277),(115,277),(63,278),(108,278),(134,278),(146,278),(190,278),(18,279),(83,279),(162,279),(15,280),(16,280),(17,280),(18,280),(64,280),(80,280),(93,280),(105,280),(133,280),(11,281),(21,281),(83,281),(84,281),(109,281),(161,281),(29,282),(49,282),(139,282),(154,282),(11,283),(36,283),(66,283),(105,283),(163,283),(14,284),(121,284),(139,284),(196,284),(53,285),(54,285),(103,285),(150,285),(156,285),(5,286),(30,286),(72,286),(123,286),(127,286),(133,286),(165,286),(181,286),(185,286),(16,287),(28,287),(48,287),(104,287),(5,288),(50,288),(126,288),(136,288),(3,289),(101,289),(124,289),(169,289),(177,289),(188,289),(39,290),(70,290),(82,290),(84,290),(85,290),(22,291),(64,291),(144,291),(157,291),(179,291),(193,291),(7,292),(14,292),(30,292),(54,292),(69,292),(107,292),(110,292),(113,292),(39,293),(144,293),(145,293),(158,293),(191,293),(22,294),(95,294),(167,294),(48,295),(59,295),(62,295),(147,295),(29,296),(46,296),(68,296),(72,296),(85,296),(146,296),(171,296),(191,296),(60,297),(85,297),(98,297),(121,297),(156,297),(166,297),(187,297),(56,298),(117,298),(147,298),(174,298),(195,298),(31,299),(60,299),(79,299),(128,299),(154,299),(170,299),(66,300),(69,300),(122,300),(136,300),(30,301),(54,301),(75,301),(78,301),(95,301),(156,301),(169,301),(181,301),(182,301),(108,302),(115,302),(172,302),(50,303),(86,303),(90,303),(155,303),(157,303),(163,303),(176,303),(196,303),(198,303),(70,304),(81,304),(88,304),(137,304),(163,304),(33,305),(41,305),(65,305),(114,305),(147,305),(168,305),(33,306),(50,306),(58,306),(69,306),(82,306),(89,306),(124,306),(150,306),(166,306),(53,307),(55,307),(56,307),(61,307),(64,307),(122,307),(163,307),(31,308),(32,309),(42,309),(104,309),(198,309),(17,310),(147,310),(190,310),(25,311),(29,311),(118,311),(132,311),(178,311),(181,311),(188,311),(198,311),(32,312),(48,312),(84,312),(87,312),(95,312),(97,312),(112,312),(124,312),(128,312),(144,312),(155,312),(17,313),(104,313),(173,313),(183,313),(2,314),(146,314),(154,314),(48,315),(68,315),(103,315),(105,315),(189,315),(5,316),(58,316),(82,316),(117,316),(143,316),(37,317),(57,317),(71,317),(84,317),(126,317),(30,318),(103,318),(147,318),(152,318),(171,318),(46,319),(167,319),(39,320),(42,320),(55,320),(94,320),(96,320),(131,320),(135,320),(146,320),(176,320),(2,321),(8,321),(18,321),(21,321),(30,321),(74,321),(157,321),(44,322),(73,322),(94,322),(99,322),(112,322),(113,322),(124,322),(170,322),(188,322),(125,324),(164,324),(182,324),(196,324),(68,325),(72,325),(93,325),(99,325),(111,325),(15,326),(40,326),(102,326),(128,326),(130,326),(157,326),(166,326),(169,326),(26,327),(50,327),(142,328),(3,329),(26,329),(95,329),(102,329),(198,329),(43,330),(45,330),(90,330),(68,331),(72,331),(86,331),(81,332),(152,332),(42,333),(103,333),(105,333),(127,333),(147,333),(27,334),(60,334),(102,334),(24,335),(29,335),(38,335),(64,335),(91,335),(3,336),(34,336),(41,336),(116,336),(128,336),(168,336),(184,336),(13,337),(62,337),(85,337),(94,337),(117,337),(38,338),(65,338),(92,338),(107,338),(116,338),(121,338),(125,338),(133,338),(188,338),(83,339),(93,339),(114,339),(143,339),(149,339),(167,339),(5,340),(26,340),(55,340),(57,340),(83,340),(161,340),(3,341),(52,341),(80,341),(134,341),(141,341),(147,341),(167,341),(15,342),(29,342),(66,342),(80,342),(89,342),(97,342),(133,342),(148,342),(151,342),(159,342),(171,342),(70,343),(77,343),(80,343),(110,343),(124,343),(159,343),(12,344),(43,344),(82,344),(159,344),(16,345),(26,345),(48,345),(64,345),(106,345),(128,345),(132,345),(172,345),(13,346),(182,346),(200,346),(27,347),(65,347),(68,347),(75,347),(103,347),(126,347),(164,347),(198,347),(11,348),(20,348),(49,348),(54,348),(76,348),(97,348),(107,348),(129,348),(22,349),(48,349),(156,349),(169,349),(66,350),(108,350),(142,350),(7,351),(47,351),(102,351),(133,351),(147,351),(174,352),(193,352),(194,352),(38,353),(95,353),(113,353),(121,353),(135,353),(157,353),(161,353),(179,353),(56,354),(94,354),(127,354),(149,354),(187,354),(4,355),(103,356),(2,357),(30,357),(68,357),(135,357),(28,358),(53,358),(97,358),(141,358),(170,358),(193,358),(27,359),(43,359),(71,359),(111,359),(155,359),(195,359),(103,360),(110,360),(165,360),(185,360),(1,361),(66,361),(125,361),(143,361),(155,361),(166,361),(192,361),(195,361),(61,362),(71,362),(80,362),(149,362),(175,362),(182,362),(90,363),(122,363),(177,363),(11,364),(86,364),(135,364),(136,364),(159,364),(197,364),(106,365),(149,365),(10,366),(20,366),(127,366),(166,366),(23,367),(79,367),(125,367),(129,367),(151,367),(164,367),(192,367),(31,368),(133,368),(148,368),(160,368),(172,368),(2,369),(5,369),(22,369),(83,369),(107,369),(110,369),(126,369),(197,369),(14,370),(23,370),(97,370),(126,370),(140,370),(151,370),(197,370),(65,371),(142,371),(184,371),(50,372),(61,372),(75,372),(105,372),(146,372),(169,372),(139,373),(140,373),(40,374),(61,374),(69,374),(73,374),(90,374),(190,374),(5,375),(62,375),(95,375),(130,375),(165,375),(52,376),(60,376),(66,376),(138,376),(193,376),(43,377),(105,377),(132,377),(17,378),(68,378),(103,378),(108,378),(189,378),(191,378),(4,379),(73,379),(108,379),(115,379),(156,379),(173,379),(187,379),(198,379),(31,380),(36,380),(68,380),(141,380),(13,381),(36,381),(92,381),(99,381),(119,381),(181,381),(111,382),(127,382),(151,382),(5,383),(41,383),(56,383),(85,383),(115,383),(131,383),(155,383),(90,384),(116,384),(118,384),(146,384),(13,385),(47,385),(62,385),(71,385),(90,385),(133,385),(172,385),(18,386),(53,386),(68,386),(134,386),(143,386),(150,386),(36,387),(78,387),(155,387),(168,387),(181,387),(52,388),(107,388),(127,388),(183,388),(34,389),(35,389),(81,389),(183,389),(26,390),(36,390),(133,390),(137,390),(183,390),(49,391),(86,391),(90,391),(115,391),(129,391),(182,391),(5,392),(26,392),(63,392),(107,392),(195,392),(3,393),(34,393),(57,393),(62,393),(78,393),(109,393),(144,393),(40,394),(104,394),(119,394),(147,394),(163,394),(11,395),(51,395),(117,395),(125,395),(141,395),(165,395),(198,395),(8,396),(40,396),(68,396),(69,396),(144,396),(154,396),(188,396),(133,397),(171,397),(178,397),(4,398),(21,398),(27,398),(62,398),(65,398),(81,398),(169,398),(2,399),(71,399),(106,399),(118,399),(154,399),(12,400),(49,400),(157,400),(32,401),(50,401),(104,401),(136,401),(161,401),(176,401),(177,401),(94,402),(145,402),(146,402),(147,402),(55,403),(111,403),(113,403),(138,403),(181,403),(195,403),(19,404),(25,404),(143,404),(24,405),(72,405),(147,405),(173,405),(175,405),(62,406),(89,406),(90,406),(157,406),(198,406),(45,407),(46,407),(49,407),(52,407),(111,407),(128,407),(155,407),(51,408),(67,408),(107,409),(145,409),(162,409),(163,409),(181,409),(36,410),(43,410),(89,410),(132,410),(133,410),(137,410),(146,410),(147,410),(162,410),(191,410),(5,411),(25,411),(100,411),(127,411),(185,411),(190,411),(83,412),(116,412),(119,412),(188,412),(193,412),(62,413),(84,413),(134,413),(182,413),(7,414),(15,414),(23,414),(70,414),(84,414),(99,414),(100,414),(111,414),(120,414),(125,414),(136,414),(161,414),(14,415),(27,415),(39,415),(74,415),(162,415),(179,415),(194,415),(12,416),(45,416),(91,416),(130,416),(170,416),(14,417),(50,417),(56,417),(58,417),(176,417),(187,417),(14,418),(22,418),(59,418),(102,418),(119,418),(129,418),(159,418),(197,418),(23,419),(126,419),(200,419),(12,420),(25,420),(44,420),(50,420),(51,420),(95,420),(114,420),(116,420),(136,420),(181,420),(191,420),(56,421),(85,421),(87,421),(154,421),(165,421),(182,421),(148,422),(186,422),(49,423),(60,423),(61,423),(117,423),(172,423),(196,423),(52,424),(66,424),(95,424),(120,424),(175,424),(39,425),(114,425),(161,425),(21,426),(36,426),(58,426),(166,426),(190,426),(192,426),(13,427),(32,427),(36,427),(93,427),(146,427),(155,427),(185,427),(19,428),(48,428),(62,428),(78,428),(79,428),(94,428),(115,428),(125,428),(11,429),(21,429),(123,429),(125,429),(146,429),(22,430),(79,430),(96,430),(107,430),(31,431),(32,431),(39,431),(95,431),(102,431),(129,431),(130,431),(147,431),(157,431),(164,431),(86,432),(117,432),(131,432),(199,432),(11,433),(49,433),(61,433),(90,433),(137,433),(150,433),(168,433),(177,433),(9,434),(44,434),(66,434),(163,434),(169,434),(23,435),(68,435),(110,435),(187,435),(29,436),(60,436),(75,436),(80,436),(92,436),(131,436),(50,437),(57,437),(97,437),(103,437),(158,437),(165,437),(181,437),(182,437),(185,437),(1,438),(16,438),(34,438),(168,438),(106,439),(175,439),(154,440),(3,441),(176,441),(180,441),(187,441),(77,442),(90,442),(123,442),(174,442),(175,442),(92,443),(112,443),(147,443),(29,444),(76,444),(153,444),(163,444),(15,445),(20,445),(62,445),(75,445),(93,445),(107,445),(75,446),(85,446),(89,446),(97,446),(102,446),(123,446),(137,446),(138,446),(150,446),(53,447),(57,447),(91,447),(139,447),(150,447),(171,447),(38,448),(46,448),(64,448),(156,448),(164,448),(185,448),(23,449),(29,449),(121,449),(124,449),(38,450),(71,450),(72,450),(112,450),(125,450),(131,450),(171,450),(198,450),(6,451),(90,451),(116,451),(151,451),(174,451),(69,452),(96,452),(114,452),(129,452),(130,452),(133,452),(184,452),(3,453),(11,453),(16,453),(36,453),(70,453),(81,453),(82,453),(92,453),(93,453),(130,453),(138,453),(14,454),(107,454),(119,454),(16,455),(135,455),(160,455),(13,456),(16,456),(39,456),(46,456),(181,456),(12,457),(17,457),(56,457),(62,457),(78,457),(94,457),(106,457),(143,457),(145,457),(2,458),(8,458),(38,458),(77,458),(81,458),(107,458),(135,458),(149,458),(176,458),(177,458),(117,459),(127,459),(155,459),(18,460),(58,460),(84,460),(51,461),(85,461),(176,461),(191,461),(18,462),(27,462),(29,462),(43,462),(56,462),(128,462),(156,462),(193,462),(200,462),(4,463),(7,463),(24,463),(40,463),(45,463),(46,463),(104,463),(109,463),(133,463),(151,463),(179,463),(76,464),(198,464),(53,465),(62,465),(81,465),(192,465),(200,465),(36,466),(40,466),(69,466),(70,466),(97,466),(171,466),(37,467),(45,467),(73,467),(107,467),(141,467),(154,467),(156,467),(82,468),(117,468),(124,468),(126,468),(148,468),(150,468),(179,468),(17,469),(49,469),(64,469),(106,469),(126,469),(160,469),(161,469),(164,469),(92,470),(122,470),(142,470),(192,470),(64,471),(65,471),(129,471),(14,472),(190,472),(19,473),(33,473),(79,473),(89,473),(93,473),(94,473),(144,473),(158,473),(165,473),(196,473),(52,474),(56,474),(76,474),(111,474),(136,474),(154,474),(187,474),(200,474),(14,475),(65,475),(80,475),(85,475),(94,475),(99,475),(145,475),(152,475),(192,475),(39,476),(50,476),(65,476),(152,476),(153,476),(10,477),(27,477),(37,477),(58,477),(67,477),(17,478),(20,478),(46,478),(85,478),(130,478),(84,479),(121,479),(123,479),(131,479),(3,480),(10,480),(82,480),(91,480),(123,480),(153,480),(2,481),(116,481),(142,481),(29,482),(86,482),(151,482),(186,482),(198,482),(22,483),(158,483),(175,483),(178,483),(18,484),(36,484),(45,484),(47,484),(74,484),(135,484),(160,484),(196,484),(2,485),(11,485),(37,485),(55,485),(102,485),(128,485),(136,485),(143,485),(192,485),(55,486),(86,486),(96,486),(153,486),(184,486),(194,486),(145,487),(172,487),(29,488),(89,488),(33,489),(54,489),(111,489),(120,489),(122,489),(137,489),(139,489),(154,489),(179,489),(4,490),(19,490),(44,490),(51,490),(53,490),(99,490),(22,491),(23,491),(65,491),(84,491),(101,491),(122,491),(141,491),(173,491),(20,492),(53,492),(75,492),(116,492),(184,492),(189,492),(34,493),(36,493),(60,493),(91,493),(172,493),(40,494),(101,494),(123,494),(131,494),(142,494),(145,494),(185,494),(195,494),(14,495),(22,495),(108,495),(183,495),(65,496),(67,496),(157,496),(167,496),(173,496),(174,496),(21,497),(68,497),(82,497),(125,497),(143,497),(75,498),(76,498),(95,498),(140,498),(194,498),(1,499),(20,499),(36,499),(118,499),(187,499),(198,499),(15,500),(17,500),(27,500),(42,500),(106,500),(162,500),(184,500),(38,501),(142,501),(151,501),(15,502),(28,502),(34,502),(42,502),(45,502),(57,502),(5,503),(6,503),(16,503),(27,503),(45,503),(74,503),(82,503),(123,503),(50,504),(70,504),(142,504),(144,504),(156,504),(42,505),(78,505),(81,505),(92,505),(106,505),(169,505),(1,506),(48,506),(49,506),(64,506),(104,506),(115,506),(180,506),(188,506),(21,507),(108,507),(130,507),(181,507),(28,508),(37,508),(45,508),(47,508),(53,508),(61,508),(75,508),(81,508),(102,508),(111,508),(138,508),(147,508),(150,508),(170,508),(186,508),(1,509),(6,509),(91,509),(119,509),(140,509),(189,509),(9,510),(19,510),(54,510),(185,510),(91,511),(101,511),(67,512),(92,512),(94,512),(99,512),(146,512),(189,512),(12,513),(13,513),(19,513),(100,513),(110,513),(120,513),(155,513),(9,514),(133,514),(146,514),(13,515),(17,515),(24,515),(52,515),(131,515),(196,515),(38,516),(65,516),(104,516),(128,516),(6,517),(52,517),(63,517),(65,517),(94,517),(102,517),(108,517),(118,517),(121,517),(176,517),(178,517),(188,517),(2,518),(53,518),(61,518),(97,518),(156,518),(185,518),(6,519),(29,519),(61,519),(83,519),(86,519),(168,519),(189,519),(50,520),(78,520),(86,520),(90,520),(107,520),(129,520),(183,520),(195,520),(17,521),(40,521),(56,521),(94,521),(102,521),(119,521),(176,521),(10,522),(13,522),(85,522),(95,522),(163,522),(177,522),(181,522),(197,522),(8,523),(32,523),(13,524),(54,524),(196,524),(34,525),(51,525),(110,525),(113,525),(130,525),(102,526),(161,526),(20,527),(42,527),(81,527),(82,527),(145,527),(151,527),(13,528),(26,529),(37,529),(69,529),(83,529),(84,529),(89,529),(90,529),(102,529),(139,529),(172,529),(173,529),(188,529),(10,530),(21,530),(78,530),(105,530),(123,530),(137,530),(20,531),(115,531),(194,531),(197,531),(8,532),(11,532),(28,532),(71,532),(158,532),(43,533),(94,533),(189,533),(60,534),(107,534),(195,534),(5,535),(42,535),(61,535),(157,535),(14,536),(18,536),(22,536),(23,536),(153,536),(198,536),(14,537),(45,537),(61,537),(74,537),(170,537),(178,537),(200,537),(20,538),(25,538),(46,538),(77,538),(114,538),(132,538),(172,538),(187,538),(200,538),(3,539),(110,539),(124,539),(131,539),(151,539),(181,539),(2,540),(12,540),(27,540),(46,540),(84,540),(94,540),(99,540),(139,540),(142,540),(144,540),(15,541),(58,541),(65,541),(75,541),(135,541),(192,541),(196,541),(198,541),(199,541),(49,542),(89,542),(90,542),(122,542),(136,542),(150,542),(181,542),(64,543),(74,543),(85,543),(92,543),(176,543),(177,543),(26,544),(41,544),(102,544),(191,544),(200,544),(48,545),(81,545),(92,545),(110,545),(126,545),(164,545),(198,545),(42,546),(54,546),(95,546),(181,546),(29,547),(38,547),(75,547),(92,547),(16,548),(73,548),(86,548),(94,548),(107,548),(187,548),(189,548),(23,549),(58,549),(78,549),(130,549),(159,549),(171,549),(190,549),(2,550),(72,550),(117,550),(173,550),(28,551),(58,551),(60,551),(82,551),(94,551),(95,551),(150,551),(191,551),(9,552),(50,552),(78,552),(136,552),(186,552),(15,553),(37,553),(58,553),(66,553),(80,553),(92,553),(97,553),(118,553),(127,553),(135,553),(138,553),(7,554),(8,554),(142,554),(147,554),(167,554),(185,554),(197,554),(2,555),(37,555),(111,555),(158,555),(198,555),(65,556),(64,557),(125,557),(49,558),(85,558),(105,558),(118,558),(134,558),(39,559),(48,559),(106,559),(71,560),(143,560),(171,560),(185,560),(189,560),(195,560),(196,560),(2,561),(18,561),(73,561),(82,561),(97,561),(105,561),(108,561),(138,561),(159,561),(180,561),(187,561),(73,562),(132,562),(190,562),(100,563),(147,563),(177,563),(25,564),(26,564),(81,564),(89,564),(92,564),(128,564),(137,564),(169,564),(173,564),(30,565),(73,565),(112,565),(77,566),(84,566),(106,566),(171,566),(179,566),(188,566),(11,567),(32,567),(46,567),(108,567),(119,567),(172,567),(42,568),(76,568),(92,568),(101,568),(125,568),(198,568),(36,569),(64,569),(48,570),(87,570),(119,570),(139,570),(151,570),(198,570),(5,571),(13,571),(65,571),(107,571),(146,571),(169,571),(173,571),(185,571),(37,572),(59,572),(64,572),(96,572),(99,572),(118,572),(17,573),(53,573),(93,573),(127,573),(157,573),(176,573),(28,574),(33,574),(71,574),(84,574),(107,574),(151,574),(157,574),(162,574),(184,574),(142,575),(196,575),(47,576),(53,576),(67,576),(123,576),(140,576),(143,576),(183,576),(196,576),(53,577),(65,577),(123,577),(58,578),(81,578),(117,578),(152,578),(192,578),(49,579),(75,579),(81,579),(160,579),(181,579),(186,579),(166,580),(184,580),(158,581),(16,582),(16,583),(25,583),(38,583),(104,583),(138,583),(52,584),(70,584),(116,584),(125,584),(155,584),(185,584),(24,585),(31,585),(32,585),(61,585),(103,585),(106,585),(27,586),(90,586),(132,586),(10,587),(11,587),(39,587),(140,587),(178,587),(196,587),(13,588),(37,588),(133,588),(134,588),(154,588),(161,588),(179,588),(198,588),(20,589),(35,589),(84,589),(123,589),(141,589),(29,590),(36,590),(96,590),(120,590),(131,590),(155,590),(182,590),(44,591),(50,591),(85,591),(146,591),(175,591),(57,592),(119,592),(130,592),(145,592),(173,592),(192,592),(195,592),(12,593),(27,593),(56,593),(123,593),(156,593),(188,593),(15,594),(133,594),(49,595),(41,596),(52,596),(175,596),(181,596),(191,596),(11,597),(13,597),(28,597),(64,597),(129,597),(184,597),(198,597),(39,598),(43,598),(44,598),(197,598),(48,599),(78,599),(87,599),(140,599),(144,599),(13,600),(22,600),(36,600),(54,600),(99,600),(102,600),(104,600),(159,600),(67,601),(124,601),(158,601),(58,602),(88,602),(125,602),(129,602),(139,602),(154,602),(168,602),(17,603),(24,603),(55,603),(107,603),(111,603),(112,603),(137,603),(143,603),(44,604),(76,604),(157,604),(181,604),(199,604),(1,605),(6,605),(43,605),(57,605),(102,605),(139,605),(17,606),(25,606),(32,606),(39,606),(76,606),(87,606),(102,606),(105,606),(107,606),(112,606),(116,606),(188,606),(190,606),(68,607),(79,607),(98,607),(104,607),(115,607),(141,607),(152,607),(165,607),(43,608),(66,608),(91,608),(101,608),(111,608),(140,608),(142,608),(171,608),(72,609),(103,609),(172,609),(180,609),(181,609),(137,610),(164,610),(174,610),(152,611),(14,612),(18,612),(35,612),(55,612),(69,612),(77,612),(162,612),(81,613),(127,613),(143,613),(164,613),(119,614),(128,614),(192,614),(35,615),(65,615),(83,615),(115,615),(152,615),(184,615),(196,615),(4,616),(64,616),(84,616),(135,616),(157,616),(158,616),(175,616),(74,617),(101,617),(127,617),(187,617),(3,618),(7,618),(33,618),(38,618),(92,618),(99,618),(174,618),(192,618),(28,619),(38,619),(80,619),(81,619),(95,619),(114,619),(168,619),(55,620),(88,620),(99,620),(122,620),(136,620),(43,621),(50,621),(93,621),(80,622),(99,622),(109,622),(116,622),(166,622),(174,622),(180,622),(192,622),(72,623),(86,623),(125,623),(190,623),(102,624),(134,624),(28,625),(110,625),(145,625),(171,625),(181,625),(187,625),(15,626),(74,626),(132,626),(158,626),(167,626),(168,626),(51,627),(73,627),(95,627),(138,627),(153,627),(70,628),(79,628),(135,628),(167,628),(180,628),(189,628),(197,628),(198,628),(145,629),(150,629),(85,630),(155,630),(12,631),(83,631),(86,631),(102,631),(149,631),(185,631),(50,632),(58,632),(7,633),(63,633),(90,633),(121,633),(148,633),(22,634),(79,634),(98,634),(151,634),(169,634),(1,635),(4,635),(12,635),(15,635),(26,635),(58,635),(77,635),(133,635),(196,635),(11,636),(23,636),(54,636),(72,636),(86,636),(99,636),(119,636),(139,636),(162,636),(183,636),(7,637),(27,637),(31,637),(57,637),(74,637),(107,637),(132,637),(158,637),(186,637),(58,638),(71,638),(191,638),(61,639),(103,639),(106,639),(138,639),(172,639),(182,639),(72,640),(129,640),(184,640),(199,640),(97,641),(118,641),(120,641),(127,641),(145,641),(76,642),(100,642),(113,642),(120,642),(157,642),(169,642),(184,642),(20,643),(81,643),(103,643),(111,643),(19,644),(26,644),(59,644),(93,644),(161,644),(165,644),(48,645),(50,645),(75,645),(171,645),(29,646),(64,646),(79,646),(84,646),(156,646),(116,647),(131,647),(140,647),(150,647),(22,648),(39,648),(42,648),(61,648),(76,648),(108,648),(186,648),(23,649),(54,649),(61,649),(105,649),(119,649),(122,649),(136,649),(147,649),(172,649),(177,649),(195,649),(5,650),(9,650),(59,650),(76,650),(110,650),(128,650),(179,650),(184,650),(32,651),(20,652),(28,652),(108,652),(133,652),(168,652),(24,653),(116,653),(161,653),(68,654),(70,654),(87,654),(106,654),(112,654),(121,654),(122,654),(186,654),(83,655),(101,655),(108,655),(134,655),(161,655),(97,656),(113,656),(118,656),(41,657),(104,657),(109,657),(180,657),(54,658),(60,658),(65,658),(121,658),(151,658),(195,658),(106,659),(120,659),(143,659),(162,659),(165,659),(174,659),(143,660),(160,660),(96,661),(115,661),(145,661),(157,661),(172,661),(184,661),(37,662),(49,662),(92,662),(101,662),(188,662),(20,663),(37,663),(74,663),(90,663),(52,664),(125,664),(145,664),(187,664),(5,665),(42,665),(60,665),(68,665),(72,665),(128,665),(140,665),(151,665),(185,665),(73,666),(112,666),(121,666),(32,667),(33,667),(73,667),(75,667),(172,667),(34,668),(88,668),(144,668),(182,668),(191,668),(32,669),(111,669),(129,669),(161,669),(19,670),(47,670),(78,670),(140,670),(149,670),(9,671),(68,671),(115,671),(128,671),(187,671),(12,672),(50,672),(83,672),(99,672),(150,672),(167,672),(19,673),(23,673),(42,673),(108,673),(122,673),(141,673),(164,673),(169,673),(195,673),(41,674),(78,674),(113,674),(152,674),(159,674),(166,674),(192,674),(52,675),(106,675),(66,676),(90,676),(104,677),(174,677),(182,677),(192,677),(195,677),(41,678),(51,678),(85,678),(93,678),(168,678),(27,679),(28,679),(60,679),(87,679),(111,679),(182,679),(190,679),(21,680),(45,680),(80,680),(93,680),(111,680),(113,680),(143,680),(152,680),(154,680),(159,680),(192,680),(164,681),(26,682),(27,682),(120,682),(190,682),(192,682),(39,683),(65,683),(125,683),(134,683),(177,683),(129,684),(161,684),(177,684),(184,684),(196,684),(3,685),(57,685),(126,685),(149,685),(168,685),(21,686),(83,686),(92,686),(98,686),(105,686),(115,686),(136,686),(5,687),(42,687),(80,687),(106,687),(143,687),(14,688),(22,688),(25,688),(26,688),(62,688),(80,688),(137,688),(147,688),(155,688),(173,688),(39,689),(52,689),(59,689),(78,689),(193,689),(199,689),(95,690),(134,690),(143,690),(4,691),(7,691),(23,691),(120,691),(139,691),(197,691),(6,692),(81,692),(103,692),(145,692),(167,692),(191,692),(108,693),(119,693),(128,693),(131,693),(140,693),(165,693),(190,693),(10,694),(33,694),(37,694),(59,694),(64,694),(65,694),(77,694),(109,694),(169,694),(185,694),(27,695),(118,695),(138,695),(182,695),(190,695),(39,696),(108,696),(128,696),(157,696),(9,697),(25,697),(37,697),(53,697),(66,697),(89,697),(150,697),(58,698),(132,698),(154,698),(164,698),(179,698),(44,699),(92,699),(93,699),(111,699),(176,699),(21,700),(31,700),(39,700),(101,700),(109,700),(112,700),(113,700),(171,701),(21,702),(59,702),(101,702),(108,702),(130,702),(140,702),(144,702),(10,703),(39,703),(61,703),(84,703),(115,703),(137,703),(151,703),(24,704),(74,704),(38,705),(48,705),(98,705),(129,705),(156,705),(170,705),(174,705),(190,705),(66,706),(68,706),(87,706),(139,706),(143,706),(195,706),(35,707),(57,707),(62,707),(73,707),(117,707),(147,708),(178,708),(190,708),(192,708),(11,709),(49,709),(55,709),(76,709),(80,709),(193,709),(81,710),(98,710),(117,710),(125,710),(127,710),(142,710),(172,710),(19,711),(85,711),(192,711),(4,712),(33,712),(92,712),(94,712),(102,712),(142,712),(42,713),(59,713),(94,713),(131,713),(145,713),(157,713),(4,714),(20,714),(36,714),(45,714),(52,714),(57,714),(65,714),(100,714),(115,714),(161,714),(166,714),(182,714),(200,714),(26,715),(36,715),(120,715),(183,715),(10,716),(12,716),(36,716),(49,716),(16,717),(18,717),(20,717),(50,717),(57,717),(88,717),(120,717),(167,717),(13,718),(72,718),(87,718),(100,718),(122,718),(148,718),(62,719),(83,719),(113,719),(135,719),(139,719),(163,719),(175,719),(194,719),(34,720),(69,720),(74,720),(146,720),(182,720),(4,721),(41,721),(87,721),(98,721),(108,721),(9,722),(69,722),(120,722),(174,722),(29,723),(40,723),(113,723),(41,724),(94,724),(180,724),(197,724),(49,725),(53,725),(66,725),(67,725),(70,725),(98,725),(123,725),(130,725),(58,726),(67,726),(99,726),(113,726),(124,726),(145,726),(176,726),(177,726),(53,727),(79,727),(127,727),(133,727),(169,727),(12,728),(56,728),(92,728),(97,728),(102,728),(112,728),(150,728),(13,729),(49,729),(81,729),(84,729),(140,729),(152,729),(175,729),(180,729),(186,729),(5,730),(123,730),(140,730),(185,730),(199,730),(22,731),(36,731),(46,731),(67,731),(111,731),(140,731),(146,731),(5,732),(26,732),(30,732),(35,732),(50,732),(109,732),(111,732),(113,732),(153,732),(179,732),(180,732),(21,733),(51,733),(108,733),(178,733),(17,734),(21,734),(47,734),(51,734),(98,734),(146,734),(167,734),(189,734),(33,735),(65,735),(103,735),(118,735),(142,735),(39,736),(140,736),(33,737),(40,737),(47,737),(51,737),(57,737),(111,737),(165,737),(179,737),(35,738),(42,738),(98,738),(117,738),(119,738),(194,738),(195,738),(31,739),(104,739),(117,739),(115,740),(141,740),(176,740),(99,741),(108,741),(2,742),(22,742),(116,742),(124,742),(140,742),(28,743),(72,743),(40,744),(75,744),(93,744),(102,744),(108,744),(111,744),(139,744),(172,744),(178,744),(181,744),(15,745),(137,745),(184,745),(193,745),(198,745),(120,746),(139,746),(176,746),(197,746),(40,747),(68,747),(74,747),(138,747),(192,747),(35,748),(73,748),(95,748),(113,748),(145,748),(189,748),(1,749),(59,749),(77,749),(127,749),(161,749),(19,750),(51,750),(56,750),(79,750),(82,750),(105,750),(44,751),(119,751),(177,751),(8,752),(9,752),(19,752),(61,752),(86,752),(106,752),(141,752),(197,752),(43,753),(79,753),(109,753),(144,753),(173,753),(2,754),(33,754),(40,754),(54,754),(60,754),(115,754),(156,754),(25,755),(58,755),(97,755),(160,755),(19,756),(132,756),(153,756),(20,757),(48,757),(72,757),(97,757),(114,757),(155,757),(173,757),(7,758),(16,758),(26,758),(101,758),(137,758),(170,758),(172,758),(176,758),(197,758),(198,758),(14,759),(100,759),(128,759),(142,759),(76,760),(86,760),(69,761),(81,761),(85,761),(149,761),(171,761),(185,761),(78,762),(144,762),(178,762),(63,763),(106,763),(127,763),(177,763),(192,763),(14,764),(26,764),(54,764),(75,764),(83,764),(84,764),(130,764),(170,764),(177,764),(76,765),(98,765),(7,766),(23,766),(46,766),(61,766),(67,766),(153,766),(45,767),(57,767),(61,767),(78,767),(160,767),(46,768),(93,768),(141,768),(148,768),(152,768),(155,768),(187,768),(8,769),(56,769),(66,769),(79,769),(160,769),(179,769),(195,769),(197,769),(7,770),(17,770),(47,770),(131,770),(188,770),(8,771),(19,771),(27,771),(60,771),(90,771),(121,771),(127,771),(172,771),(39,772),(59,772),(73,772),(112,772),(141,772),(148,772),(175,772),(184,772),(71,773),(72,773),(188,773),(101,774),(107,774),(128,774),(188,774),(22,775),(33,775),(94,775),(124,775),(156,775),(191,775),(55,776),(79,776),(144,776),(47,777),(83,777),(93,777),(111,777),(150,777),(180,777),(45,778),(96,778),(117,778),(140,778),(169,778),(175,778),(16,779),(34,779),(41,779),(100,779),(165,779),(171,779),(187,779),(61,780),(74,780),(75,780),(106,780),(121,780),(174,780),(24,781),(56,781),(63,781),(76,781),(107,781),(136,781),(195,781),(10,782),(23,782),(84,782),(98,782),(119,782),(149,782),(15,783),(60,783),(117,783),(20,784),(41,784),(44,784),(60,784),(83,784),(116,784),(159,784),(199,784),(19,785),(37,785),(88,785),(109,785),(117,785),(124,785),(144,785),(155,785),(163,785),(199,785),(109,786),(119,786),(123,786),(162,786),(194,786),(47,787),(82,787),(101,787),(141,787),(184,787),(34,788),(79,788),(80,788),(94,788),(118,788),(119,788),(166,788),(189,788),(159,789),(28,790),(47,790),(55,790),(69,791),(127,791),(48,792),(143,792),(148,792),(28,793),(31,793),(38,793),(66,793),(17,794),(34,794),(142,794),(160,794),(167,794),(195,794),(15,795),(26,795),(50,795),(56,795),(105,795),(122,795),(196,795),(99,796),(102,796),(107,796),(112,796),(198,796),(30,797),(45,797),(117,797),(174,797),(4,798),(21,798),(42,798),(131,798),(165,798),(40,799),(41,799),(158,799),(17,800),(58,800),(159,800),(167,800),(110,801),(164,801),(191,801),(22,802),(31,802),(82,802),(92,802),(102,802),(119,802),(154,802),(157,802),(159,802),(167,802),(176,802),(190,802),(21,804),(23,804),(74,804),(168,804),(7,805),(27,805),(60,805),(129,805),(7,806),(132,806),(133,806),(136,806),(190,806),(198,806),(80,807),(91,807),(114,807),(161,807),(165,807),(168,807),(193,807),(18,808),(86,808),(136,808),(63,809),(84,809),(130,809),(131,809),(165,809),(174,809),(180,809),(45,810),(102,810),(149,810),(2,811),(5,811),(9,811),(49,811),(78,811),(149,811),(179,811),(180,811),(12,812),(29,812),(52,812),(85,812),(117,812),(158,812),(95,813),(195,813),(124,814),(128,814),(135,814),(9,815),(32,815),(39,815),(55,815),(100,815),(169,815),(188,815),(196,815),(197,815),(13,816),(28,816),(181,816),(5,817),(13,817),(15,817),(35,817),(90,817),(112,817),(153,817),(179,817),(198,817),(136,818),(159,818),(185,818),(88,819),(127,819),(182,819),(191,819),(192,819),(23,820),(46,820),(140,820),(164,820),(180,820),(189,820),(26,821),(141,821),(143,821),(152,821),(103,822),(145,822),(70,823),(73,823),(98,824),(158,824),(180,824),(44,825),(92,825),(161,825),(6,826),(23,826),(97,826),(129,826),(160,826),(168,826),(3,827),(28,827),(38,827),(43,827),(55,827),(81,827),(114,827),(174,827),(176,827),(177,827),(191,827),(95,828),(101,828),(102,828),(175,828),(182,828),(193,828),(24,829),(46,829),(50,829),(66,829),(91,829),(98,829),(112,829),(141,829),(27,830),(46,830),(60,830),(84,830),(87,830),(120,830),(140,830),(143,830),(158,830),(174,830),(191,830),(39,831),(61,831),(105,831),(107,831),(117,831),(1,832),(4,832),(13,832),(24,832),(61,832),(64,832),(96,832),(137,832),(164,832),(165,832),(13,833),(23,833),(43,833),(71,833),(83,833),(89,833),(163,833),(165,833),(172,833),(196,833),(68,834),(70,834),(74,834),(129,834),(164,834),(191,834),(193,834),(28,835),(40,835),(60,835),(93,835),(99,835),(105,835),(140,835),(157,835),(34,836),(46,836),(74,836),(126,836),(181,836),(102,837),(196,837),(12,838),(30,838),(82,838),(90,838),(92,838),(113,838),(37,839),(38,839),(68,839),(82,839),(88,839),(127,839),(176,839),(37,840),(50,840),(68,840),(79,840),(141,840),(158,840),(5,841),(101,841),(114,841),(137,841),(168,841),(18,842),(23,842),(54,842),(136,842),(142,842),(154,842),(175,842),(13,843),(84,843),(198,843),(56,844),(116,844),(156,844),(162,844),(102,845),(144,845),(182,845),(185,845),(7,846),(34,846),(96,846),(100,846),(115,846),(127,846),(152,846),(14,847),(51,847),(111,847),(121,847),(153,847),(169,847),(180,847),(74,848),(91,849),(107,849),(141,849),(155,849),(169,849),(171,849),(188,849),(191,849),(11,850),(76,850),(100,850),(161,850),(183,850),(56,851),(164,851),(193,851),(57,852),(64,852),(65,852),(78,852),(102,852),(118,852),(173,852),(174,852),(179,852),(17,853),(23,853),(34,853),(37,853),(38,853),(59,853),(79,853),(174,853),(189,853),(11,854),(27,854),(44,854),(72,854),(150,854),(23,855),(90,855),(95,855),(14,856),(23,856),(58,856),(70,856),(93,856),(112,856),(167,856),(86,857),(129,857),(140,857),(173,857),(4,858),(54,858),(58,858),(80,858),(90,858),(105,858),(106,858),(119,858),(124,858),(191,858),(198,858),(8,859),(91,859),(107,859),(142,859),(176,859),(64,860),(123,860),(126,860),(42,861),(54,861),(67,861),(114,861),(134,861),(29,862),(56,862),(59,862),(76,862),(97,862),(139,862),(141,862),(183,862),(18,863),(20,863),(109,863),(141,863),(142,863),(69,864),(89,864),(105,864),(117,864),(147,864),(167,864),(182,864),(5,865),(9,865),(42,865),(72,865),(112,865),(76,866),(106,866),(114,866),(42,867),(166,867),(184,867),(40,868),(56,868),(90,868),(119,868),(133,868),(170,868),(181,868),(40,869),(70,869),(85,869),(112,869),(130,869),(158,869),(180,869),(195,869),(67,870),(75,870),(76,870),(82,870),(87,870),(181,870),(12,871),(25,871),(66,871),(146,871),(198,871),(74,872),(100,872),(143,872),(171,872),(176,872),(194,872),(9,873),(17,873),(27,873),(83,873),(150,873),(17,874),(71,874),(93,874),(96,874),(157,874),(180,874),(181,874),(190,874),(36,875),(44,875),(85,875),(131,875),(142,875),(38,876),(42,876),(159,876),(19,877),(69,877),(82,877),(100,877),(125,877),(170,877),(33,878),(44,878),(52,878),(86,878),(143,878),(28,879),(52,879),(107,879),(138,879),(158,879),(174,879),(200,879),(12,880),(17,880),(27,880),(31,880),(78,880),(90,880),(150,880),(151,880),(158,880),(161,880),(185,880),(33,881),(88,881),(106,881),(131,881),(163,881),(124,882),(133,882),(167,882),(185,882),(189,882),(18,883),(44,883),(160,883),(121,884),(164,884),(26,885),(109,885),(121,885),(138,885),(155,885),(195,885),(15,886),(16,886),(168,886),(170,886),(198,886),(199,886),(21,887),(40,887),(84,887),(108,887),(115,887),(117,887),(150,887),(11,888),(80,888),(9,889),(27,889),(46,889),(92,889),(150,889),(168,889),(14,890),(42,890),(113,890),(155,890),(175,890),(51,891),(57,891),(152,891),(163,891),(6,892),(56,892),(104,892),(108,892),(123,892),(139,892),(150,892),(151,892),(168,892),(171,892),(181,892),(198,892),(21,893),(56,893),(63,893),(82,893),(86,893),(105,893),(145,893),(41,894),(106,894),(108,894),(111,894),(120,894),(133,894),(144,894),(158,894),(169,894),(8,895),(45,895),(51,895),(85,895),(103,895),(151,895),(11,896),(44,896),(134,896),(158,896),(189,896),(13,897),(50,897),(132,897),(134,897),(169,897),(120,898),(152,898),(171,898),(128,899),(132,899),(149,899),(189,899),(7,900),(37,900),(45,900),(119,900),(7,901),(45,901),(90,901),(6,902),(44,902),(74,902),(9,903),(95,903),(103,903),(171,903),(26,904),(27,904),(104,904),(132,904),(86,905),(107,905),(135,905),(149,905),(26,906),(105,906),(142,906),(143,906),(187,906),(196,906),(42,907),(159,907),(181,907),(14,908),(28,908),(88,908),(125,908),(164,908),(175,908),(196,908),(4,909),(66,909),(93,909),(100,909),(141,909),(146,909),(162,909),(7,910),(81,910),(105,910),(129,910),(177,910),(82,911),(120,911),(127,911),(181,911),(22,912),(41,912),(76,912),(98,912),(103,912),(110,912),(128,912),(200,912),(47,913),(54,913),(114,913),(149,913),(157,913),(10,914),(25,914),(35,914),(69,914),(142,914),(183,914),(187,914),(191,914),(36,915),(52,915),(66,915),(67,915),(105,915),(134,915),(79,916),(93,916),(197,916),(18,917),(43,917),(137,917),(50,918),(57,918),(71,918),(14,919),(100,919),(111,919),(153,919),(185,919),(196,919),(21,920),(39,920),(45,920),(75,920),(108,920),(129,920),(161,920),(185,920),(64,921),(113,921),(131,921),(149,921),(161,921),(173,921),(181,921),(42,922),(48,922),(146,922),(47,923),(86,923),(95,923),(138,923),(140,923),(145,923),(167,923),(187,923),(4,924),(15,924),(47,924),(50,924),(161,924),(179,924),(198,924),(37,925),(45,925),(64,925),(90,925),(170,925),(188,925),(9,926),(48,926),(104,926),(117,926),(123,926),(49,927),(134,927),(152,927),(161,927),(168,927),(11,928),(29,928),(32,928),(60,928),(66,928),(101,928),(173,928),(10,929),(34,929),(86,929),(88,929),(92,929),(10,930),(55,930),(97,930),(130,930),(132,930),(178,930),(36,931),(179,931),(42,932),(63,932),(83,932),(101,932),(40,933),(97,933),(133,933),(136,933),(173,933),(106,934),(140,934),(23,935),(76,935),(8,936),(56,936),(73,936),(101,936),(134,936),(44,937),(53,937),(193,937),(11,938),(40,938),(65,938),(72,938),(77,938),(118,938),(129,938),(153,938),(194,938),(1,939),(116,939),(119,939),(196,939),(51,940),(88,940),(182,940),(189,940),(194,940),(80,941),(91,941),(101,941),(155,941),(183,941),(41,942),(103,942),(59,943),(77,943),(18,944),(29,944),(44,944),(47,944),(63,944),(100,944),(128,944),(166,944),(12,945),(30,945),(63,945),(67,945),(96,945),(104,945),(146,945),(200,945),(59,946),(73,946),(176,946),(53,947),(97,947),(149,947),(163,947),(165,947),(14,948),(17,948),(165,948),(15,949),(125,949),(128,949),(149,949),(183,949),(34,950),(73,950),(94,950),(160,950),(197,950),(52,951),(62,951),(65,951),(66,951),(97,951),(44,952),(60,952),(87,952),(115,952),(133,952),(198,952),(28,953),(70,953),(127,953),(144,953),(145,953),(150,953),(171,953),(193,953),(199,953),(82,954),(105,954),(154,954),(160,954),(169,954),(98,955),(109,955),(115,955),(146,955),(180,955),(36,956),(71,956),(72,956),(74,956),(103,956),(116,956),(177,956),(7,957),(17,957),(50,957),(66,957),(85,957),(118,957),(122,957),(147,957),(164,957),(2,958),(43,958),(76,958),(102,958),(108,958),(143,958),(191,958),(200,958),(7,959),(17,959),(168,959),(172,959),(184,959),(190,959),(66,960),(85,960),(179,960),(193,960),(53,961),(87,961),(110,961),(114,961),(122,961),(20,962),(111,962),(129,962),(150,962),(165,962),(195,962),(37,963),(55,963),(77,963),(78,963),(180,963),(9,964),(10,964),(22,964),(70,964),(72,964),(152,964),(33,965),(56,965),(65,965),(125,965),(128,965),(185,965),(3,966),(10,966),(13,966),(37,966),(108,966),(115,966),(121,966),(146,966),(155,966),(184,966),(3,967),(16,967),(27,967),(99,967),(100,967),(109,967),(157,967),(158,967),(184,967),(197,967),(15,968),(78,968),(88,968),(96,968),(152,968),(158,968),(162,968),(11,969),(24,969),(72,969),(77,969),(113,969),(118,969),(146,969),(184,969),(191,969),(1,970),(14,970),(54,970),(89,970),(127,970),(138,970),(3,971),(34,971),(60,971),(68,971),(191,971),(33,972),(67,972),(196,972),(28,973),(47,973),(107,973),(111,973),(157,973),(185,973),(9,974),(51,974),(178,974),(197,974),(45,975),(84,975),(89,976),(179,976),(187,976),(20,977),(49,977),(107,977),(175,977),(31,978),(45,978),(82,978),(99,978),(101,978),(159,978),(175,978),(80,979),(100,979),(102,979),(197,979),(1,980),(10,980),(32,980),(46,980),(49,980),(53,980),(64,980),(101,980),(102,980),(23,981),(62,981),(63,981),(67,981),(113,981),(130,981),(44,982),(91,982),(93,982),(99,982),(174,982),(10,983),(21,983),(178,983),(183,983),(186,983),(59,984),(101,984),(104,984),(164,984),(15,985),(82,985),(98,985),(115,985),(184,985),(27,986),(60,986),(96,987),(110,987),(124,987),(132,987),(147,987),(155,987),(11,988),(54,988),(62,988),(101,988),(112,988),(123,988),(153,988),(154,988),(188,988),(37,989),(94,989),(138,989),(151,989),(188,989),(51,990),(54,990),(61,990),(62,990),(98,990),(105,990),(158,990),(182,990),(46,991),(92,991),(100,991),(181,991),(100,992),(141,992),(149,992),(169,992),(33,993),(51,993),(77,993),(105,993),(114,993),(136,993),(170,993),(191,993),(200,993),(6,994),(28,994),(105,994),(115,994),(120,994),(186,994),(197,995),(3,996),(27,996),(84,996),(163,996),(170,996),(23,997),(37,997),(124,997),(155,997),(198,997),(13,998),(44,998),(73,998),(122,998),(169,998),(175,998),(52,999),(66,999),(104,999),(140,999),(142,999),(155,1000),(166,1000),(178,1000),(201,1001),(202,1002),(203,1003),(202,1004),(204,1005),(201,1006),(205,1007),(201,1008),(201,1009),(206,1010),(202,1011),(207,1012),(208,1013),(209,1014),(210,1015),(211,1016),(201,1017),(212,1018),(213,1019),(214,1020),(215,1021),(201,1022),(216,1023),(217,1024),(218,1025),(203,1026),(219,1027),(220,1028),(221,1029),(222,1030),(223,1031),(224,1032),(202,1033),(216,1034),(225,1035),(209,1036),(226,1037),(227,1038),(207,1039),(228,1040),(229,1041),(209,1042),(230,1043),(201,1044),(201,1045),(206,1046),(231,1047),(232,1048),(233,1049),(234,1050),(201,1051),(216,1052),(235,1053),(211,1054),(203,1055),(236,1056),(228,1057),(237,1058),(238,1059),(239,1060),(230,1061),(240,1062),(241,1063),(208,1064),(206,1065),(233,1066),(242,1067),(229,1068),(216,1069),(208,1070),(243,1071),(244,1072),(245,1073),(201,1074),(246,1075),(244,1076),(247,1077),(248,1078),(209,1079),(249,1080),(250,1081),(251,1082),(252,1083),(253,1084),(254,1085),(255,1086),(256,1087),(257,1088),(201,1089),(208,1090),(258,1091),(259,1092),(260,1093),(261,1094),(262,1095),(263,1096),(264,1097),(265,1098),(258,1099),(229,1100),(266,1101),(241,1102),(240,1103),(201,1104),(267,1105),(268,1106),(269,1107),(208,1108),(270,1109),(201,1110),(250,1111),(258,1112),(271,1113),(202,1114),(272,1115),(273,1116),(274,1117),(275,1118),(276,1119),(268,1120),(277,1121),(278,1122),(279,1123),(280,1124),(281,1125),(282,1126),(283,1127),(274,1128),(275,1129),(251,1130),(284,1131),(250,1132),(285,1133),(211,1134),(286,1135),(201,1136),(229,1137),(275,1138),(287,1139),(288,1140),(265,1141),(289,1142),(270,1143),(244,1144),(290,1145),(291,1146),(208,1147),(292,1148),(293,1149),(283,1150),(294,1151),(215,1152),(295,1153),(296,1154),(297,1155),(208,1156),(218,1157),(229,1158),(211,1159),(298,1160),(299,1161),(285,1162),(284,1163),(300,1164),(301,1165),(302,1166),(303,1167),(268,1168),(229,1169),(291,1170),(218,1171),(304,1172),(229,1173),(208,1174),(211,1175),(305,1176),(306,1177),(268,1178),(307,1179),(308,1180),(309,1181),(274,1182),(310,1183),(311,1184),(283,1185),(229,1186),(244,1187),(229,1188),(312,1189),(313,1190),(314,1191),(218,1192),(315,1193),(202,1194),(201,1195),(280,1196),(316,1197),(211,1198),(251,1199),(317,1200),(318,1201),(319,1202),(320,1203),(321,1204),(274,1205),(254,1206),(322,1207),(309,1208),(208,1209),(323,1210),(324,1211),(272,1212),(251,1213),(315,1214),(274,1215),(268,1216),(325,1217),(326,1218),(327,1219),(328,1220),(329,1221),(315,1222),(330,1223),(331,1224),(274,1225),(332,1226),(211,1227),(333,1228),(309,1229),(334,1230),(229,1231),(335,1232),(336,1233),(337,1234),(251,1235),(338,1236),(339,1237),(282,1238),(340,1239),(218,1240),(341,1241),(311,1242),(342,1243),(229,1244),(343,1245),(344,1246),(325,1247),(263,1248),(345,1249),(346,1250),(318,1251),(347,1252),(348,1253),(349,1254),(280,1255),(328,1256),(350,1257),(229,1258),(325,1259),(351,1260),(337,1261),(352,1262),(267,1263),(353,1264),(263,1265),(354,1266),(270,1267),(337,1268),(347,1269),(280,1270),(218,1271),(355,1272),(356,1273),(357,1274),(358,1275),(330,1276),(359,1277),(360,1278),(347,1279),(361,1280),(362,1281),(363,1282),(208,1283),(364,1284),(365,1285),(314,1286),(353,1287),(366,1288),(366,1289),(367,1290),(368,1291),(277,1292),(369,1293),(370,1294),(371,1295),(372,1296),(373,1297),(208,1298),(374,1299),(281,1300),(208,1301),(375,1302),(376,1303),(377,1304),(378,1305),(379,1306),(350,1307),(277,1308),(280,1309),(235,1310),(380,1311),(328,1312),(315,1313),(381,1314),(382,1315),(383,1316),(384,1317),(347,1318),(292,1319),(371,1320),(201,1321),(328,1322),(385,1323),(315,1324),(386,1325),(378,1326),(359,1327),(366,1328),(387,1329),(388,1330),(389,1331),(390,1332);
/*!40000 ALTER TABLE `participacaofilme` ENABLE KEYS */;
UNLOCK TABLES;
/*!40103 SET TIME_ZONE=@OLD_TIME_ZONE */;

/*!40101 SET SQL_MODE=@OLD_SQL_MODE */;
/*!40014 SET FOREIGN_KEY_CHECKS=@OLD_FOREIGN_KEY_CHECKS */;
/*!40014 SET UNIQUE_CHECKS=@OLD_UNIQUE_CHECKS */;
/*!40101 SET CHARACTER_SET_CLIENT=@OLD_CHARACTER_SET_CLIENT */;
/*!40101 SET CHARACTER_SET_RESULTS=@OLD_CHARACTER_SET_RESULTS */;
/*!40101 SET COLLATION_CONNECTION=@OLD_COLLATION_CONNECTION */;
/*!40111 SET SQL_NOTES=@OLD_SQL_NOTES */;

-- Dump completed on 2023-01-13 12:22:20
